timestamp,ticker,source,text
2026-10-01 16:00:05+00:00,MU,reddit.com/r/stocks,"Another record quarter from MU, down 2%: why estimates are not expectations - edit: uhh I know it closed up 3%. my point is that the reaction to epic results was pretty much nothing. I'm a professional analyst, started covering semis this year, though I have over a decade of experience in equities. I've seen a number of posts/comments about how companies could crush estimates so handily and not pop on the news, so I"
2026-10-02 00:00:00+00:00,TSLA,SEC-EDGAR-8K,"(Item 2.02) Results of Operations and Financial Condition. On October 2, 2026, Tesla, Inc. published the press release which is attached hereto as Exhibit 99.1 and is incorporated herein by reference. This information is intended to be furnished under

(Item 2.02) of Form 8-K and shall not be deemed “filed” for purposes of Section 18 of the Securities Exchange Act of 1934, as amended (the “ Exchange Act ”), or incorporated by reference in any filing under the Securities Act of 1933, as amended, or the Exchange Act as shall be expressly set forth by specific reference in such a filing ."
2026-10-02 09:30:10+00:00,AAPL,reddit.com/r/stocks,"r/Stocks Daily Discussion & Fundamentals Friday Oct 02, 2026 - This is the daily discussion, so anything stocks related is fine, but the theme for today is on fundamentals, but if fundamentals aren't your thing then just ignore the theme. Some helpful day to day links, including news: * [Finviz](https://finviz.com/quote.ashx?t=spy) for charts, fundamentals, and aggregated news on individual stocks * [Bloomberg market news](https://www.bloomberg.com/markets) * StreetInsider news: * [Market Check](https://www.streetinsider.com/Market+Check) - Possibly why the market is"
2026-10-02 13:08:43+00:00,TSLA,reddit.com/r/stocks,"Tesla reports 486,532 vehicle deliveries for third quarter, topping expectation - Tesla just reported vehicle deliveries and production for the third quarter. Here are the key numbers: * Total Q3 vehicle deliveries: **486,532** * Total Q3 vehicle production: **464,391** Deliveries fell about 2% from 497,099 a year earlier, but climbed from the second quarter, when Tesla recorded 480,126 deliveries. Analysts were expecting around 461,100 deliveries, according to StreetAccount’s consensus. Tesla’s company-compiled consensus, published Tuesday, was"
2026-10-02 13:19:53+00:00,ARM,reddit.com/r/stocks,"Have you ever liked a company so much that you bought its stock despite thinking it was overpriced? - I'm tempted to do this with ARM. I'm drawn to this company for several reasons, from its business and AI potential to what looks like a great culture judging by employee reviews on Glassdoor. The problem is that even under optimistic assumptions, I struggle to see attractive returns from today's price. Yet I still find myself"
2026-10-02 14:54:53+00:00,NVDA,reddit.com/r/stocks,"NVDA $300+ By Close Of Year . . . Why? - Preface by saying I have been invested in NVDA for over a decade, albeit, I took profits each time (approx. 1/2 dozen times) that I invested in this equity prior to 2023. In effect, I learned my lesson and now own almost 3000 shares at $94 cost basis, which I will NOT sell come hell or high water. So what's different this time? NVIDIA"
2026-10-04 18:54:23+00:00,MELI,reddit.com/r/stocks,"NU vs MELI at current levels: Which Latin American growth engine offers a better risk-reward right now? - Hey everyone, I’m looking to expand my exposure to Latin America's tech and financial growth story, and I’m torn between two popular picks: Nu Holdings ($NU) and MercadoLibre ($MELI). Both companies have proven execution records, massive addressable markets, and strong secular tailwinds across Brazil, Mexico, and Colombia. However, given their different business models and current valuations, I’d"
2026-10-05 00:00:00+00:00,SNPS,SEC-EDGAR-8K,"(Item 8.01) Other Events. On October 5, 2026, Synopsys, Inc. (“ Synopsys ”) issued a press release announcing its entry into an accelerated share repurchase agreement with JPMorgan Chase Bank, National Association to repurchase an aggregate of $1 billion of shares of Synopsys common stock. A copy of the press release is attached hereto as Exhibit 99.1 and is incorporated by reference herein."
2026-10-05 00:00:00+00:00,MSTR,SEC-EDGAR-8K,"(Item 8.01) Other Events. ATM Update On October 5, 2026, Strategy Inc (""Strategy"") announced an update with respect to sales made under its at-the-market offering program (""ATM"") of the following securities: During Period September 28, 2026 to September 30, 2026 As of September 30, 2026 Security Shares Sold Notional Value (in millions) (1) Net Proceeds (in millions) (2) Available for Issuance and Sale (in millions) STRF Stock - $ - $ - $ 1,619.3 10.00% Series A"
2026-10-05 10:36:08+00:00,FAST,reddit.com/r/stocks,"Looking to buy stocks and this news article caught my eye - Hi guys, I have been wanting to buy stocks for a while now but I know literally nothing about the market, which ones to buy and how to buy. This news article from WSJ titled “**Luxury Stocks Are Selling at Fast-Fashion Prices”** caught my eye today, and I have decided to go ahead asap, wish I had bought them earlier tho as my"
2026-10-05 12:37:27+00:00,NVDA,reddit.com/r/stocks,"A warning to those investing in AI - Consider this, you invest in NVDA, MRVL, or MU because their hardware is ESSENTIAL for the AI buildout. Hyperscalers can’t buy enough because of the need for compute. You buy stocks like Crowdstrike and Palo Alto because of the massive need for cybersecurity in the age of AI agents. Maybe you buy shares of Snowflake because of the data AI needs to process or you buy Cloudflare"
2026-10-05 23:20:04+00:00,AMD,reddit.com/r/stocks,"Sharing my little progress with you. - Hi! I'd like to share the little progress I've made these years. I started this portfolio in 2022 carving out money from family, friends and all my savings. We started with $10,600 USD; it may not be much, but I hope we can watch it grow together. I will be sharing results every month independently whether it goes up or down. Previous post: [Sharing my progress with you"
2026-10-06 00:00:00+00:00,REGN,SEC-EDGAR-8K,"(Item 1.01) . Entry into a Material Definitive Agreement. On October 1, 2026, Regeneron Pharmaceuticals, Inc., a New York corporation (“ Regeneron ” or the “ Company ”), Sanofi Biotechnology SAS, a société par actions simplifée organized under the laws of France (“ Sanofi Biotechnology ”), and Sanofi, a société anonyme organized under the laws of France (“ Sanofi Parent ” and, with Sanofi Biotechnology, “ Sanofi ”), entered into the Sixth Amendment to the Amended and

(Item 2.02) . Results of Operations and Financial Condition. Regeneron currently expects that its financial results calculated in accordance with U.S. generally accepted accounting principles (“ GAAP ”) and its non-GAAP financial results for the third quarter 2026 will include an acquired in-process research and development (“ IPR&D ”) charge of approximately $22 million on a pre-tax basis. The acquired IPR&D charge is expected to negatively impact each of GAAP and non-GAAP net income per diluted share

(Item 2.02) shall not be deemed “filed” for purposes of Section 18 of the Securities Exchange Act of 1934, as amended, nor shall such information be deemed incorporated by reference in any filing under the Securities Act of 1933, as amended, except as shall be expressly set forth by specific reference in such a filing.

(Item 8.01) . Other Events. In connection with the execution of the Sixth Amendment, Regeneron and Sanofi entered into a settlement agreement pursuant to which Regeneron agreed to dismiss its lawsuit concerning Sanofi’s obligation to provide Regeneron with full access to material information relating to the commercialization of Dupixent ® (dupilumab) and other products commercialized pursuant to the Antibody LCA, and Regeneron’s audit rights under the Antibody LCA. Note Regarding Forward-Looking Statements This Current Report on Form"
2026-10-06 00:00:00+00:00,CTAS,SEC-EDGAR-8K,"(Item 8.01) Other Events. As previously disclosed, on March 10, 2026, Cintas Corporation, a Washington corporation (“Cintas”), entered into an Agreement and Plan of Merger (the “Merger Agreement”) with (i) UniFirst Corporation, a Massachusetts corporation (“UniFirst”), (ii) Bruin Merger Sub I, Inc., a Delaware corporation and a wholly owned subsidiary of Cintas (“Merger Sub Inc.”), and (iii) Bruin Merger Sub II, LLC, a Delaware limited liability company and a wholly owned subsidiary of Cintas (“Merger Sub LLC”)."
2026-10-06 04:12:42+00:00,GOOG,reddit.com/r/stocks,"Future index values hypothesis - I've been thinking this for a while but I guess want to know what you all think. Since the 2009 low QQQ has returnd 1154% and SPY has returned 503%. Now consider for this to happen again over the next 18 years we are going to need to have companies becoming progressively more valuable over time. For example, the current highest market cap is Nvidia, near 5T. So are we"
2026-10-06 20:44:05+00:00,SPCX,reddit.com/r/stocks,"Why do people keep spouting it's a bubble when there are no technical indicators of that? - Currently market is at about 26-27 PE ratio when historic average is about 25. For reference during dot com bubble and 2008, the PE ratio was 60+. Most big company have profits and positive cash flow. Apparently nvidia financing other companies for 10b is circular debt financing when they have net quarterly profits of 60b and positive cash"
2026-10-07 09:26:20+00:00,META,reddit.com/r/stocks,"$META is by far the best opportunity in the MAG 7. - It is not even close. Zuck simply reiterated Meta’s gigantic distribution moat: “I think one of the things that we’re really good at at Meta is taking a product that works well for consumers and distributing it.” And Muse is only just beginning. With each improvement of the product, Zuck believes that Meta will distribute it to hundreds of millions of people, if"
2026-10-07 11:22:54+00:00,NVDA,reddit.com/r/stocks,"SpaceX Doubling Its Debt With $40B NVDA Chip Buy - SpaceX is planning a massive $40 billion debt raise to buy Nvidia chips. The financial structure of this deal is quite wild. $40 billion is roughly equal to SpaceX’s entire projected revenue for the year. They are splitting the package into $10 billion in bank loans and $30 billion in investment-grade bonds, with Apollo Global Management leading the deal. For anyone trading Nvidia (NVDA), this"
2026-10-07 14:57:08+00:00,SHOP,reddit.com/r/stocks,"What are your thoughts on Shopify for its future? - It is quite literally the monopolization of ecommerce. There is nothing better, I've used it, I've worked for companies that use it, it's an unbelievable service. There is alternatives like selling on Amazon, but Shopify for individual owners that want to keep most their money they make just beats the competition. I'm up 150% on the stock, it's nearing its all time high. And in"
2026-10-07 15:56:47+00:00,PEP,reddit.com/r/stocks,"Coco cola & its relevant consumer stables. - I’m just dumbfounded that KO has pretty high PE ratio of 26 in comparison to Procter and gamble and PepsiCo In this high inflation environment, I’m not sure how KO stock is keep growing. I compared product lines KO vs PepsiCo. They are fairly comparable. Metric 🥤 Coca-Cola (KO) 🥨 PepsiCo (PEP) Stock Price \~$88.24 \~$140.52 Market Cap \~$379.66B \~$191.79B Forward P/E Ratio \~23.6x – 26x \~14.7x"
2026-10-07 17:57:15+00:00,META,reddit.com/r/stocks,"The AI capex boom is increasingly a bet on AGI, not current economics - I think analysts are missing something big by considering AI frontier labs as though they were normal companies making big investments and expecting realistic business outcomes. I want to posit that the AI bubble differs from earlier bubbles because the spending is being justified by quasi-religious beliefs about what AI might eventually become. After reading Adam Becker's *More Everything Forever*, I’ve"
2026-10-07 20:06:33+00:00,SPCX,reddit.com/r/stocks,"FCC approves $SPCX to deploy 15,000 Starlink satellites for D2C service - The FCC has approved SpaceX to deploy up to 15,000 next-generation Starlink satellites, enabling direct-to-cell service with speeds of up to 150 Mbps and full 5G capabilities. The low-Earth orbit constellation (326-335 km altitude) will support supplemental coverage in the US, direct-to-cell globally, and higher data speeds using spectrum acquired from EchoStar. The decision includes a waiver enabling SpaceX to offer satellite-based mobile"
2026-10-08 00:00:00+00:00,PEP,SEC-EDGAR-8K,"(Item 2.02) . Results of Operations and Financial Condition. The information in this

(Item 2.02) , including Exhibit 99.1 attached hereto, is being furnished and shall not be deemed “filed” for the purposes of Section 18 of the Securities Exchange Act of 1934, as amended (the “Exchange Act”), or otherwise subject to the liabilities of that Section and shall not be incorporated by reference into any registration statement or other document pursuant to the Securities Act of 1933, as amended, or the Exchange Act, except as otherwise expressly stated in

(Item 2.02) is a copy of the press release issued by PepsiCo, Inc. (“PepsiCo”), dated October 8, 2026, reporting PepsiCo’s financial results for the 12 and 36 weeks ended September 5, 2026."
