timestamp,ticker,agg_score,signal,window
2025-10-22 15:11:19+00:00,AAPL,0.5,Long,3
2025-10-22 17:24:00+00:00,AAPL,0.35,Long,3
2025-10-22 18:10:39+00:00,AAPL,0.06666666666666667,Neutral,3
2025-10-22 18:20:23+00:00,AAPL,-0.15000000000000002,Short,3
2025-10-22 18:27:23+00:00,AAPL,-2.2204460492503132e-17,Neutral,3
2025-10-22 18:27:39+00:00,AAPL,-0.10000000000000002,Short,3
2025-10-22 19:25:14+00:00,AAPL,-0.07142857142857144,Neutral,3
2025-10-22 21:31:11+00:00,AAPL,-1.3877787807814457e-17,Neutral,3
2025-10-22 23:22:55+00:00,AAPL,0.055555555555555546,Neutral,3
2025-10-23 05:00:11+00:00,AAPL,0.09999999999999999,Neutral,3
2025-10-23 05:00:18+00:00,AAPL,0.04545454545454544,Neutral,3
2025-10-23 05:14:15+00:00,AAPL,0.08333333333333333,Neutral,3
2025-10-23 06:00:00+00:00,AAPL,0.030769230769230764,Neutral,3
2025-10-23 06:42:19+00:00,AAPL,-0.00714285714285715,Neutral,3
2025-10-16 13:00:06+00:00,ABNB,0.5,Long,3
2025-10-16 15:12:51+00:00,ABNB,0.35,Long,3
2025-10-16 20:57:45+00:00,ABNB,0.06666666666666667,Neutral,3
2025-10-16 21:50:02+00:00,ABNB,-0.075,Neutral,3
2025-10-17 11:15:00+00:00,ABNB,0.04,Neutral,3
2025-10-17 16:25:01+00:00,ABNB,0.16666666666666666,Long,3
2025-10-18 08:30:00+00:00,ABNB,0.21428571428571427,Long,3
2025-10-18 11:16:04+00:00,ABNB,0.25,Long,3
2025-10-22 06:29:21+00:00,ABNB,0.0,Neutral,3
2025-10-22 08:33:29+00:00,ABNB,0.3,Long,3
2025-10-22 11:29:05+00:00,ABNB,0.26666666666666666,Long,3
2025-10-22 14:05:00+00:00,ABNB,0.35,Long,3
2025-10-22 15:43:00+00:00,ABNB,0.31999999999999995,Long,3
2025-10-17 15:10:00+00:00,ADBE,0.5,Long,3
2025-10-17 16:24:00+00:00,ADBE,0.5,Long,3
2025-10-17 16:28:00+00:00,ADBE,0.16666666666666666,Long,3
2025-10-17 21:45:04+00:00,ADBE,0.25,Long,3
2025-10-18 06:12:56+00:00,ADBE,0.32,Long,3
2025-10-18 07:06:57+00:00,ADBE,0.3,Long,3
2025-10-20 12:30:00+00:00,ADBE,0.34285714285714286,Long,3
2025-10-20 13:00:00+00:00,ADBE,0.375,Long,3
2025-10-20 13:30:50+00:00,ADBE,0.3888888888888889,Long,3
2025-10-20 18:03:00+00:00,ADBE,0.32857142857142857,Long,3
2025-10-20 20:27:21+00:00,ADBE,0.35,Long,3
2025-10-21 08:55:00+00:00,ADBE,0.3333333333333333,Long,3
2025-10-21 13:00:05+00:00,ADBE,0.35714285714285715,Long,3
2025-10-21 13:45:00+00:00,ADBE,0.4125,Long,3
2025-10-21 14:00:00+00:00,ADBE,0.43333333333333335,Long,3
2025-10-21 16:31:00+00:00,ADBE,0.41,Long,3
2025-10-22 01:08:23+00:00,ADBE,0.41818181818181815,Long,3
2025-10-22 11:21:00+00:00,ADBE,0.3833333333333333,Long,3
2025-10-22 12:55:49+00:00,ADBE,0.3076923076923077,Long,3
2025-10-22 13:32:00+00:00,ADBE,0.32142857142857145,Long,3
2025-10-17 10:10:03+00:00,ADI,0.2,Long,3
2025-10-17 15:05:00+00:00,ADI,0.35,Long,3
2025-10-20 15:23:00+00:00,ADI,0.2,Long,3
2025-10-20 17:48:00+00:00,ADI,0.35,Long,3
2025-10-21 08:00:00+00:00,ADI,0.39999999999999997,Long,3
2025-10-22 09:20:31+00:00,ADI,0.09999999999999998,Neutral,3
2025-10-22 15:22:33+00:00,ADI,-0.020000000000000018,Neutral,3
2025-10-22 22:15:03+00:00,ADI,-0.10000000000000002,Short,3
2025-10-17 11:00:44+00:00,ADP,0.2,Long,3
2025-10-18 06:13:00+00:00,ADP,0.4,Long,3
2025-10-18 13:46:12+00:00,ADP,0.4333333333333333,Long,3
2025-10-22 16:24:00+00:00,ADP,-0.5,Short,3
2025-10-22 17:05:06+00:00,ADP,-0.5,Short,3
2025-10-22 19:55:25+00:00,ADP,-0.6,Short,3
2025-10-16 14:00:00+00:00,ADSK,0.5,Long,3
2025-10-17 22:15:02+00:00,ADSK,0.5,Long,3
2025-10-19 20:03:22+00:00,ADSK,0.5,Long,3
2025-10-22 10:28:00+00:00,ADSK,0.5,Long,3
2025-10-16 08:22:13+00:00,AEP,0.5,Long,3
2025-10-16 10:15:00+00:00,AEP,0.5,Long,3
2025-10-16 13:13:47+00:00,AEP,0.5,Long,3
2025-10-16 18:01:14+00:00,AEP,0.25,Long,3
2025-10-16 18:01:33+00:00,AEP,0.36,Long,3
2025-10-16 18:37:27+00:00,AEP,0.43333333333333335,Long,3
2025-10-16 19:57:10+00:00,AEP,0.3,Long,3
2025-10-16 20:19:34+00:00,AEP,0.3375,Long,3
2025-10-17 07:45:00+00:00,AEP,0.3888888888888889,Long,3
2025-10-17 09:07:23+00:00,AEP,0.41,Long,3
2025-10-20 16:16:43+00:00,AEP,0.6,Long,3
2025-10-21 18:31:28+00:00,AEP,0.4,Long,3
2025-10-22 14:00:08+00:00,AEP,0.10000000000000002,Long,3
2025-10-22 17:16:36+00:00,AEP,0.225,Long,3
2025-10-22 18:01:00+00:00,AEP,0.27999999999999997,Long,3
2025-10-22 19:07:35+00:00,AEP,0.31666666666666665,Long,3
2025-10-23 00:05:14+00:00,AEP,0.34285714285714286,Long,3
2025-10-16 08:53:51+00:00,AMAT,0.5,Long,3
2025-10-16 11:37:35+00:00,AMAT,0.65,Long,3
2025-10-16 18:23:25+00:00,AMAT,0.6,Long,3
2025-10-17 01:21:24+00:00,AMAT,0.65,Long,3
2025-10-17 13:00:06+00:00,AMAT,0.62,Long,3
2025-10-17 16:28:16+00:00,AMAT,0.5333333333333333,Long,3
2025-10-17 21:45:04+00:00,AMAT,0.4714285714285715,Long,3
2025-10-19 06:04:02+00:00,AMAT,0.4375,Long,3
2025-10-19 12:09:03+00:00,AMAT,0.38571428571428573,Long,3
2025-10-20 04:44:54+00:00,AMAT,0.15,Long,3
2025-10-21 10:51:00+00:00,AMAT,0.175,Long,3
2025-10-21 11:37:24+00:00,AMAT,0.24,Long,3
2025-10-22 21:24:36+00:00,AMAT,0.25,Long,3
2025-10-22 13:12:00+00:00,AMD,0.0,Neutral,3
2025-10-22 14:10:00+00:00,AMD,0.3,Long,3
2025-10-22 14:51:27+00:00,AMD,0.3666666666666667,Long,3
2025-10-22 17:50:40+00:00,AMD,0.15,Long,3
2025-10-22 17:50:44+00:00,AMD,0.019999999999999997,Neutral,3
2025-10-22 18:25:42+00:00,AMD,-0.06666666666666667,Neutral,3
2025-10-22 18:25:42+00:00,AMD,-0.1285714285714286,Short,3
2025-10-22 18:25:49+00:00,AMD,-0.1375,Short,3
2025-10-22 19:05:00+00:00,AMD,-0.06666666666666668,Neutral,3
2025-10-22 21:45:03+00:00,AMD,-0.12000000000000002,Short,3
2025-10-22 21:47:00+00:00,AMD,-0.06363636363636364,Neutral,3
2025-10-16 12:00:12+00:00,AMGN,0.5,Long,3
2025-10-16 17:18:39+00:00,AMGN,0.65,Long,3
2025-10-17 10:22:00+00:00,AMGN,0.6,Long,3
2025-10-17 20:00:00+00:00,AMGN,0.575,Long,3
2025-10-20 04:03:31+00:00,AMGN,0.5,Long,3
2025-10-22 22:00:02+00:00,AMGN,0.0,Neutral,3
2025-10-22 18:11:31+00:00,AMZN,0.8,Long,3
2025-10-22 19:24:28+00:00,AMZN,0.65,Long,3
2025-10-22 19:26:52+00:00,AMZN,0.20000000000000004,Long,3
2025-10-22 19:43:21+00:00,AMZN,0.025000000000000022,Neutral,3
2025-10-22 20:10:46+00:00,AMZN,-0.11999999999999997,Short,3
2025-10-22 21:59:48+00:00,AMZN,-0.2333333333333333,Short,3
2025-10-22 23:00:00+00:00,AMZN,-0.12857142857142856,Short,3
2025-10-22 23:23:02+00:00,AMZN,-0.04999999999999999,Neutral,3
2025-10-22 23:43:00+00:00,AMZN,0.01111111111111112,Neutral,3
2025-10-16 16:55:00+00:00,APP,0.6,Long,3
2025-10-16 18:37:07+00:00,APP,0.0,Neutral,3
2025-10-16 19:51:08+00:00,APP,0.26666666666666666,Long,3
2025-10-20 03:33:23+00:00,APP,0.1,Neutral,3
2025-10-20 20:13:01+00:00,APP,0.3,Long,3
2025-10-20 21:37:00+00:00,APP,0.5333333333333333,Long,3
2025-10-21 10:04:53+00:00,APP,0.4,Long,3
2025-10-21 10:10:45+00:00,APP,0.2,Long,3
2025-10-21 16:30:57+00:00,APP,0.03333333333333335,Neutral,3
2025-10-21 17:35:47+00:00,APP,0.057142857142857155,Neutral,3
2025-10-21 21:45:02+00:00,APP,-0.01249999999999999,Neutral,3
2025-10-22 11:35:50+00:00,APP,0.04444444444444445,Neutral,3
2025-10-22 14:22:44+00:00,APP,0.06000000000000001,Neutral,3
2025-10-22 14:56:30+00:00,APP,0.10909090909090911,Long,3
2025-10-22 17:35:46+00:00,APP,0.1416666666666667,Long,3
2025-10-22 19:12:13+00:00,APP,0.16923076923076924,Long,3
2025-10-22 20:32:00+00:00,APP,0.17142857142857143,Long,3
2025-10-16 16:10:08+00:00,ARM,0.5,Long,3
2025-10-16 18:56:47+00:00,ARM,0.5,Long,3
2025-10-17 09:30:00+00:00,ARM,0.13333333333333333,Long,3
2025-10-17 17:26:00+00:00,ARM,0.30000000000000004,Long,3
2025-10-17 18:00:00+00:00,ARM,0.36,Long,3
2025-10-18 02:09:56+00:00,ARM,0.3833333333333333,Long,3
2025-10-20 21:06:19+00:00,ARM,-0.04999999999999999,Neutral,3
2025-10-21 09:37:25+00:00,ARM,0.0,Neutral,3
2025-10-21 17:06:00+00:00,ARM,0.26666666666666666,Long,3
2025-10-22 23:24:23+00:00,ARM,0.25,Long,3
2025-10-19 16:10:00+00:00,ASML,0.8,Long,3
2025-10-19 17:15:00+00:00,ASML,0.65,Long,3
2025-10-19 18:00:00+00:00,ASML,0.43333333333333335,Long,3
2025-10-19 20:37:10+00:00,ASML,0.525,Long,3
2025-10-20 07:08:52+00:00,ASML,0.52,Long,3
2025-10-20 07:19:40+00:00,ASML,0.46666666666666673,Long,3
2025-10-20 11:30:00+00:00,ASML,0.5142857142857143,Long,3
2025-10-20 11:39:46+00:00,ASML,0.55,Long,3
2025-10-20 16:00:03+00:00,ASML,0.5555555555555556,Long,3
2025-10-20 17:18:00+00:00,ASML,0.58,Long,3
2025-10-21 14:07:21+00:00,ASML,0.5818181818181819,Long,3
2025-10-21 21:20:09+00:00,ASML,0.6,Long,3
2025-10-22 11:37:41+00:00,ASML,0.5923076923076923,Long,3
2025-10-22 14:46:00+00:00,ASML,0.5857142857142856,Long,3
2025-10-22 14:57:00+00:00,ASML,0.58,Long,3
2025-10-22 16:48:29+00:00,ASML,0.56,Long,3
2025-10-22 19:07:06+00:00,ASML,0.5785714285714285,Long,3
2025-10-22 19:31:19+00:00,ASML,0.5733333333333334,Long,3
2025-10-22 21:19:17+00:00,ASML,0.5733333333333334,Long,3
2025-10-22 23:07:26+00:00,ASML,0.56875,Long,3
2025-10-21 16:22:00+00:00,AVGO,0.6,Long,3
2025-10-21 16:35:00+00:00,AVGO,0.6,Long,3
2025-10-21 18:35:49+00:00,AVGO,0.5666666666666667,Long,3
2025-10-21 19:08:06+00:00,AVGO,0.55,Long,3
2025-10-21 20:33:00+00:00,AVGO,0.48,Long,3
2025-10-21 20:34:08+00:00,AVGO,0.48333333333333334,Long,3
2025-10-22 08:07:00+00:00,AVGO,0.4857142857142857,Long,3
2025-10-22 08:44:00+00:00,AVGO,0.525,Long,3
2025-10-22 14:38:00+00:00,AVGO,0.5222222222222223,Long,3
2025-10-22 14:43:00+00:00,AVGO,0.42000000000000004,Long,3
2025-10-22 14:59:00+00:00,AVGO,0.4272727272727273,Long,3
2025-10-22 15:51:36+00:00,AVGO,0.35000000000000003,Long,3
2025-10-22 19:37:00+00:00,AVGO,0.36153846153846153,Long,3
2025-10-22 21:36:30+00:00,AVGO,0.37142857142857144,Long,3
2025-10-17 16:06:00+00:00,AXON,0.5,Long,3
2025-10-18 05:50:39+00:00,AXON,0.5,Long,3
2025-10-18 12:07:07+00:00,AXON,0.5,Long,3
2025-10-21 19:11:29+00:00,AXON,0.8,Long,3
2025-10-21 20:01:00+00:00,AXON,0.4,Long,3
2025-10-22 00:19:28+00:00,AXON,0.43333333333333335,Long,3
2025-10-19 06:30:00+00:00,AZN,0.8,Long,3
2025-10-19 11:00:00+00:00,AZN,0.9,Long,3
2025-10-20 06:37:54+00:00,AZN,0.7666666666666666,Long,3
2025-10-20 13:50:01+00:00,AZN,0.725,Long,3
2025-10-20 19:45:46+00:00,AZN,0.74,Long,3
2025-10-20 20:28:00+00:00,AZN,0.6166666666666667,Long,3
2025-10-21 06:37:56+00:00,AZN,0.6,Long,3
2025-10-21 13:00:00+00:00,AZN,0.5875,Long,3
2025-10-21 13:00:00+00:00,AZN,0.5777777777777778,Long,3
2025-10-21 14:39:44+00:00,AZN,0.6,Long,3
2025-10-21 17:35:00+00:00,AZN,0.5909090909090909,Long,3
2025-10-22 06:37:59+00:00,AZN,0.5636363636363636,Long,3
2025-10-22 09:00:00+00:00,AZN,0.5583333333333333,Long,3
2025-10-22 10:27:00+00:00,AZN,0.5769230769230769,Long,3
2025-10-22 10:33:00+00:00,AZN,0.5928571428571429,Long,3
2025-10-22 10:57:00+00:00,AZN,0.5933333333333334,Long,3
2025-10-22 18:31:10+00:00,AZN,0.56,Long,3
2025-10-23 02:35:46+00:00,AZN,0.5625,Long,3
2025-10-23 07:00:00+00:00,AZN,0.58125,Long,3
2025-10-16 11:10:21+00:00,BIIB,0.5,Long,3
2025-10-20 15:16:00+00:00,BIIB,0.5,Long,3
2025-10-21 13:34:00+00:00,BIIB,0.5,Long,3
2025-10-22 11:30:00+00:00,BIIB,0.5,Long,3
2025-10-22 12:00:00+00:00,BIIB,0.5,Long,3
2025-10-22 21:31:00+00:00,BIIB,0.5,Long,3
2025-10-16 10:56:00+00:00,BKNG,0.5,Long,3
2025-10-16 13:00:03+00:00,BKNG,0.5,Long,3
2025-10-16 20:19:38+00:00,BKNG,0.5333333333333333,Long,3
2025-10-17 02:05:00+00:00,BKNG,0.55,Long,3
2025-10-18 01:19:00+00:00,BKNG,0.54,Long,3
2025-10-20 02:30:00+00:00,BKNG,0.5,Long,3
2025-10-20 06:03:00+00:00,BKNG,0.5333333333333333,Long,3
2025-10-20 21:05:02+00:00,BKNG,0.425,Long,3
2025-10-20 22:00:04+00:00,BKNG,0.44000000000000006,Long,3
2025-10-21 04:39:32+00:00,BKNG,0.44000000000000006,Long,3
2025-10-22 00:14:16+00:00,BKNG,0.45,Long,3
2025-10-22 02:05:00+00:00,BKNG,0.4571428571428572,Long,3
2025-10-16 14:00:06+00:00,BKR,-0.5,Short,3
2025-10-17 12:45:54+00:00,BKR,-0.5,Short,3
2025-10-17 17:08:36+00:00,BKR,-0.16666666666666666,Short,3
2025-10-18 00:04:00+00:00,BKR,-0.25,Short,3
2025-10-18 23:07:04+00:00,BKR,-0.1,Neutral,3
2025-10-21 13:15:04+00:00,BKR,0.5,Long,3
2025-10-21 13:23:00+00:00,BKR,0.5,Long,3
2025-10-21 13:44:00+00:00,BKR,0.5,Long,3
2025-10-21 21:02:00+00:00,BKR,0.4,Long,3
2025-10-22 16:38:00+00:00,BKR,0.33999999999999997,Long,3
2025-10-16 14:35:00+00:00,CDNS,0.6,Long,3
2025-10-17 04:49:39+00:00,CDNS,0.4,Long,3
2025-10-17 13:00:03+00:00,CDNS,0.3333333333333333,Long,3
2025-10-17 13:00:22+00:00,CDNS,0.375,Long,3
2025-10-18 11:00:11+00:00,CDNS,0.45999999999999996,Long,3
2025-10-18 17:09:34+00:00,CDNS,0.4666666666666666,Long,3
2025-10-20 13:30:02+00:00,CDNS,0.6,Long,3
2025-10-20 21:50:05+00:00,CDNS,0.575,Long,3
2025-10-21 02:00:00+00:00,CDNS,0.58,Long,3
2025-10-21 12:10:53+00:00,CDNS,0.45999999999999996,Long,3
2025-10-22 03:30:57+00:00,CDNS,0.45999999999999996,Long,3
2025-10-22 13:15:05+00:00,CDNS,0.4166666666666667,Long,3
2025-10-21 04:36:37+00:00,CDW,0.5,Long,3
2025-10-21 11:00:00+00:00,CDW,0.25,Long,3
2025-10-16 13:29:22+00:00,CEG,0.1,Neutral,3
2025-10-16 14:00:12+00:00,CEG,0.1,Neutral,3
2025-10-16 19:08:38+00:00,CEG,0.3333333333333333,Long,3
2025-10-16 21:45:03+00:00,CEG,0.275,Long,3
2025-10-17 01:33:58+00:00,CEG,0.38,Long,3
2025-10-17 05:00:00+00:00,CEG,0.45,Long,3
2025-10-17 13:00:44+00:00,CEG,0.4571428571428572,Long,3
2025-10-18 18:06:10+00:00,CEG,0.4625,Long,3
2025-10-19 20:17:16+00:00,CEG,0.5333333333333333,Long,3
2025-10-21 13:00:07+00:00,CEG,0.5,Long,3
2025-10-21 15:41:05+00:00,CEG,0.5,Long,3
2025-10-22 13:24:00+00:00,CEG,0.5,Long,3
2025-10-22 15:32:00+00:00,CEG,0.5199999999999999,Long,3
2025-10-22 21:45:03+00:00,CEG,0.31999999999999995,Long,3
2025-10-16 12:39:42+00:00,CHTR,0.2,Long,3
2025-10-16 16:44:41+00:00,CHTR,-0.24999999999999997,Short,3
2025-10-17 12:00:54+00:00,CHTR,1.850371707708594e-17,Neutral,3
2025-10-17 12:15:14+00:00,CHTR,0.125,Long,3
2025-10-20 04:41:00+00:00,CHTR,0.5,Long,3
2025-10-21 03:07:52+00:00,CHTR,0.35,Long,3
2025-10-21 13:11:17+00:00,CHTR,0.06666666666666667,Neutral,3
2025-10-21 23:15:00+00:00,CHTR,-0.15000000000000002,Short,3
2025-10-22 15:13:58+00:00,CHTR,-0.08000000000000002,Neutral,3
2025-10-22 15:59:47+00:00,CHTR,-0.20000000000000004,Short,3
2025-10-23 00:09:59+00:00,CHTR,-0.15714285714285717,Short,3
2025-10-21 13:41:37+00:00,CMCSA,0.8,Long,3
2025-10-21 14:00:00+00:00,CMCSA,0.8,Long,3
2025-10-21 15:54:54+00:00,CMCSA,0.7000000000000001,Long,3
2025-10-21 16:09:00+00:00,CMCSA,0.675,Long,3
2025-10-21 16:22:59+00:00,CMCSA,0.7,Long,3
2025-10-21 16:35:32+00:00,CMCSA,0.6666666666666666,Long,3
2025-10-21 17:14:42+00:00,CMCSA,0.6428571428571429,Long,3
2025-10-21 17:53:54+00:00,CMCSA,0.5750000000000001,Long,3
2025-10-21 18:58:00+00:00,CMCSA,0.5666666666666667,Long,3
2025-10-21 19:01:15+00:00,CMCSA,0.53,Long,3
2025-10-21 22:20:18+00:00,CMCSA,0.43636363636363634,Long,3
2025-10-21 23:09:52+00:00,CMCSA,0.4166666666666667,Long,3
2025-10-22 13:15:09+00:00,CMCSA,0.4,Long,3
2025-10-22 18:28:19+00:00,CMCSA,0.37142857142857144,Long,3
2025-10-22 19:08:00+00:00,CMCSA,0.4,Long,3
2025-10-22 22:00:02+00:00,CMCSA,0.34375,Long,3
2025-10-17 21:42:39+00:00,COST,-0.8,Short,3
2025-10-18 10:13:18+00:00,COST,-0.10000000000000003,Short,3
2025-10-19 05:03:52+00:00,COST,-0.13333333333333336,Short,3
2025-10-19 08:22:00+00:00,COST,0.02499999999999998,Neutral,3
2025-10-19 14:16:52+00:00,COST,0.13999999999999999,Long,3
2025-10-20 00:00:00+00:00,COST,0.1333333333333333,Long,3
2025-10-20 00:37:00+00:00,COST,0.14285714285714285,Long,3
2025-10-20 04:16:03+00:00,COST,0.15,Long,3
2025-10-20 09:22:47+00:00,COST,0.14444444444444443,Long,3
2025-10-20 11:49:00+00:00,COST,0.20999999999999996,Long,3
2025-10-20 12:13:00+00:00,COST,0.14545454545454545,Long,3
2025-10-20 13:45:02+00:00,COST,0.18333333333333332,Long,3
2025-10-20 14:58:00+00:00,COST,0.21538461538461537,Long,3
2025-10-21 10:10:00+00:00,COST,0.2846153846153846,Long,3
2025-10-21 11:11:00+00:00,COST,0.2,Long,3
2025-10-21 12:56:52+00:00,COST,0.22142857142857145,Long,3
2025-10-21 13:00:06+00:00,COST,0.24000000000000002,Long,3
2025-10-21 14:32:00+00:00,COST,0.275,Long,3
2025-10-22 09:15:00+00:00,COST,0.3066666666666667,Long,3
2025-10-22 16:33:00+00:00,COST,0.2733333333333333,Long,3
2025-10-22 20:26:12+00:00,COST,0.2875,Long,3
2025-10-23 02:03:00+00:00,COST,0.23999999999999996,Long,3
2025-10-17 04:47:18+00:00,CPRT,0.2,Long,3
2025-10-19 12:09:55+00:00,CPRT,0.2,Long,3
2025-10-19 23:04:55+00:00,CPRT,0.3,Long,3
2025-10-21 04:39:00+00:00,CPRT,0.4333333333333333,Long,3
2025-10-21 22:15:02+00:00,CPRT,0.375,Long,3
2025-10-22 04:35:17+00:00,CPRT,0.4,Long,3
2025-10-23 00:02:25+00:00,CPRT,0.45,Long,3
2025-10-16 12:00:00+00:00,CRWD,0.8,Long,3
2025-10-16 17:22:00+00:00,CRWD,0.050000000000000044,Neutral,3
2025-10-17 04:32:31+00:00,CRWD,0.30000000000000004,Long,3
2025-10-17 13:00:06+00:00,CRWD,0.275,Long,3
2025-10-18 07:08:51+00:00,CRWD,0.32,Long,3
2025-10-20 12:36:35+00:00,CRWD,0.0,Neutral,3
2025-10-20 14:16:00+00:00,CRWD,0.09999999999999999,Neutral,3
2025-10-20 19:29:29+00:00,CRWD,-0.05,Neutral,3
2025-10-20 21:56:09+00:00,CRWD,0.12000000000000002,Long,3
2025-10-21 00:00:00+00:00,CRWD,0.18333333333333335,Long,3
2025-10-21 11:13:32+00:00,CRWD,0.13333333333333333,Long,3
2025-10-21 11:53:00+00:00,CRWD,0.04285714285714287,Neutral,3
2025-10-21 14:54:18+00:00,CRWD,-0.024999999999999988,Neutral,3
2025-10-22 04:04:53+00:00,CRWD,0.03333333333333335,Neutral,3
2025-10-22 13:56:00+00:00,CRWD,0.08,Neutral,3
2025-10-22 17:02:32+00:00,CRWD,0.09090909090909091,Neutral,3
2025-10-22 21:21:34+00:00,CRWD,0.125,Long,3
2025-10-17 00:00:00+00:00,CSCO,-0.2,Short,3
2025-10-17 19:58:00+00:00,CSCO,-0.4,Short,3
2025-10-20 13:00:00+00:00,CSCO,-0.04999999999999999,Neutral,3
2025-10-20 13:00:00+00:00,CSCO,0.16666666666666666,Long,3
2025-10-20 13:33:00+00:00,CSCO,0.125,Long,3
2025-10-20 14:00:00+00:00,CSCO,0.2,Long,3
2025-10-20 20:15:00+00:00,CSCO,0.42000000000000004,Long,3
2025-10-21 12:00:00+00:00,CSCO,0.4833333333333334,Long,3
2025-10-21 13:09:00+00:00,CSCO,0.48571428571428577,Long,3
2025-10-21 15:00:00+00:00,CSCO,0.42500000000000004,Long,3
2025-10-21 21:00:00+00:00,CSCO,0.43333333333333335,Long,3
2025-10-22 04:31:26+00:00,CSCO,0.32,Long,3
2025-10-22 08:35:00+00:00,CSCO,0.33636363636363636,Long,3
2025-10-22 15:50:00+00:00,CSCO,0.35833333333333334,Long,3
2025-10-22 16:12:00+00:00,CSCO,0.33076923076923076,Long,3
2025-10-22 21:21:41+00:00,CSCO,0.34285714285714286,Long,3
2025-10-16 13:09:00+00:00,CSGP,0.5,Long,3
2025-10-17 04:48:05+00:00,CSGP,0.25,Long,3
2025-10-17 08:10:00+00:00,CSGP,0.2333333333333333,Long,3
2025-10-17 16:21:53+00:00,CSGP,0.3,Long,3
2025-10-21 14:00:14+00:00,CSGP,-0.5,Short,3
2025-10-21 20:20:00+00:00,CSGP,-0.65,Short,3
2025-10-22 00:12:00+00:00,CSGP,-0.3666666666666667,Short,3
2025-10-16 20:36:24+00:00,CSX,0.0,Neutral,3
2025-10-16 20:38:04+00:00,CSX,0.25,Long,3
2025-10-16 20:39:12+00:00,CSX,0.3333333333333333,Long,3
2025-10-16 21:10:01+00:00,CSX,0.45,Long,3
2025-10-16 21:30:01+00:00,CSX,0.4,Long,3
2025-10-16 22:42:00+00:00,CSX,0.25,Long,3
2025-10-17 03:00:35+00:00,CSX,0.2857142857142857,Long,3
2025-10-17 03:28:34+00:00,CSX,0.175,Long,3
2025-10-17 10:35:14+00:00,CSX,0.2111111111111111,Long,3
2025-10-17 11:39:10+00:00,CSX,0.12000000000000002,Long,3
2025-10-17 13:00:52+00:00,CSX,0.18181818181818182,Long,3
2025-10-17 14:49:00+00:00,CSX,0.125,Long,3
2025-10-17 17:22:57+00:00,CSX,0.12307692307692308,Long,3
2025-10-17 19:31:30+00:00,CSX,0.1285714285714286,Long,3
2025-10-17 20:24:00+00:00,CSX,0.16000000000000003,Long,3
2025-10-17 20:25:00+00:00,CSX,0.1625,Long,3
2025-10-17 21:05:00+00:00,CSX,0.15294117647058825,Long,3
2025-10-18 07:08:27+00:00,CSX,0.1111111111111111,Long,3
2025-10-20 19:39:00+00:00,CSX,0.20000000000000004,Long,3
2025-10-22 00:00:00+00:00,CSX,0.45000000000000007,Long,3
2025-10-22 04:35:53+00:00,CSX,0.46666666666666673,Long,3
2025-10-22 13:00:00+00:00,CTAS,0.0,Neutral,3
2025-10-16 12:00:19+00:00,CTSH,0.5,Long,3
2025-10-16 15:40:03+00:00,CTSH,0.25,Long,3
2025-10-16 16:00:02+00:00,CTSH,0.3333333333333333,Long,3
2025-10-16 16:10:03+00:00,CTSH,0.3,Long,3
2025-10-17 04:01:00+00:00,CTSH,0.36,Long,3
2025-10-17 06:10:00+00:00,CTSH,0.3,Long,3
2025-10-19 10:08:18+00:00,CTSH,0.2857142857142857,Long,3
2025-10-19 17:04:05+00:00,CTSH,0.325,Long,3
2025-10-20 03:08:10+00:00,CTSH,0.3,Long,3
2025-10-20 07:00:00+00:00,CTSH,0.35,Long,3
2025-10-22 00:19:51+00:00,CTSH,0.38,Long,3
2025-10-22 14:00:25+00:00,CTSH,0.44000000000000006,Long,3
2025-10-22 16:02:00+00:00,CTSH,0.45,Long,3
2025-10-16 08:39:00+00:00,DASH,0.5,Long,3
2025-10-16 13:00:00+00:00,DASH,0.5,Long,3
2025-10-16 13:14:42+00:00,DASH,0.6,Long,3
2025-10-16 17:57:30+00:00,DASH,0.575,Long,3
2025-10-16 19:51:06+00:00,DASH,0.5599999999999999,Long,3
2025-10-17 04:49:40+00:00,DASH,0.5,Long,3
2025-10-17 11:00:03+00:00,DASH,0.4571428571428572,Long,3
2025-10-17 12:12:39+00:00,DASH,0.425,Long,3
2025-10-17 13:37:57+00:00,DASH,0.43333333333333335,Long,3
2025-10-19 02:06:23+00:00,DASH,0.44000000000000006,Long,3
2025-10-20 04:44:49+00:00,DASH,0.18333333333333335,Long,3
2025-10-21 10:46:00+00:00,DASH,1.850371707708594e-17,Neutral,3
2025-10-21 13:06:43+00:00,DASH,0.15000000000000002,Long,3
2025-10-22 09:17:28+00:00,DASH,0.175,Long,3
2025-10-22 20:26:27+00:00,DASH,0.24,Long,3
2025-10-16 20:05:00+00:00,DDOG,0.0,Neutral,3
2025-10-16 21:51:33+00:00,DDOG,0.25,Long,3
2025-10-17 12:39:30+00:00,DDOG,0.43333333333333335,Long,3
2025-10-17 13:00:03+00:00,DDOG,0.45,Long,3
2025-10-17 14:08:10+00:00,DDOG,0.48,Long,3
2025-10-17 17:50:43+00:00,DDOG,0.2833333333333334,Long,3
2025-10-19 13:00:21+00:00,DDOG,0.35714285714285715,Long,3
2025-10-20 15:36:42+00:00,DDOG,0.20000000000000004,Long,3
2025-10-20 21:45:05+00:00,DDOG,0.6,Long,3
2025-10-22 13:00:29+00:00,DDOG,0.5333333333333333,Long,3
2025-10-16 12:08:54+00:00,DXCM,0.1,Neutral,3
2025-10-16 13:00:00+00:00,DXCM,0.45,Long,3
2025-10-21 15:27:57+00:00,DXCM,0.5,Long,3
2025-10-21 15:59:00+00:00,DXCM,0.35,Long,3
2025-10-23 00:02:20+00:00,DXCM,0.06666666666666667,Neutral,3
2025-10-16 13:40:02+00:00,EA,0.2,Long,3
2025-10-16 15:01:00+00:00,EA,0.5,Long,3
2025-10-16 16:01:34+00:00,EA,0.39999999999999997,Long,3
2025-10-16 16:57:01+00:00,EA,0.425,Long,3
2025-10-17 04:00:49+00:00,EA,0.38,Long,3
2025-10-19 01:15:23+00:00,EA,0.39999999999999997,Long,3
2025-10-21 14:00:09+00:00,EA,-2.7755575615628914e-17,Neutral,3
2025-10-22 00:13:25+00:00,EA,-0.16666666666666666,Short,3
2025-10-22 14:33:00+00:00,EA,-0.16666666666666666,Short,3
2025-10-22 18:06:00+00:00,EA,-1.3877787807814457e-17,Neutral,3
2025-10-16 16:28:00+00:00,EXC,0.5,Long,3
2025-10-21 19:52:00+00:00,EXC,0.6,Long,3
2025-10-22 18:16:00+00:00,EXC,0.6,Long,3
2025-10-16 14:45:55+00:00,FANG,0.2,Long,3
2025-10-17 21:08:41+00:00,FANG,0.2,Long,3
2025-10-20 22:15:03+00:00,FANG,0.5,Long,3
2025-10-21 16:10:02+00:00,FANG,0.35,Long,3
2025-10-17 01:12:10+00:00,FAST,0.8,Long,3
2025-10-17 13:15:02+00:00,FAST,0.65,Long,3
2025-10-19 11:00:08+00:00,FAST,0.6,Long,3
2025-10-19 20:15:59+00:00,FAST,0.25,Long,3
2025-10-20 05:30:48+00:00,FAST,0.175,Long,3
2025-10-22 17:57:25+00:00,FAST,-0.3666666666666667,Short,3
2025-10-22 21:31:39+00:00,FAST,0.06666666666666665,Neutral,3
2025-10-16 14:15:00+00:00,FTNT,0.6,Long,3
2025-10-16 20:19:45+00:00,FTNT,0.6,Long,3
2025-10-18 06:13:07+00:00,FTNT,0.39999999999999997,Long,3
2025-10-19 07:11:04+00:00,FTNT,0.425,Long,3
2025-10-20 21:50:05+00:00,FTNT,0.3666666666666667,Long,3
2025-10-22 13:15:09+00:00,FTNT,0.3,Long,3
2025-10-20 16:20:00+00:00,GEHC,0.8,Long,3
2025-10-21 12:00:00+00:00,GEHC,0.8,Long,3
2025-10-21 16:11:00+00:00,GEHC,0.5333333333333333,Long,3
2025-10-22 17:25:00+00:00,GEHC,0.6000000000000001,Long,3
2025-10-16 13:17:00+00:00,GFS,0.8,Long,3
2025-10-17 12:00:00+00:00,GFS,0.65,Long,3
2025-10-17 17:33:00+00:00,GFS,0.7000000000000001,Long,3
2025-10-18 09:10:36+00:00,GFS,0.65,Long,3
2025-10-16 13:00:05+00:00,GILD,0.5,Long,3
2025-10-16 19:51:01+00:00,GILD,-0.04999999999999999,Neutral,3
2025-10-18 01:16:57+00:00,GILD,0.13333333333333333,Long,3
2025-10-19 06:30:00+00:00,GILD,0.25,Long,3
2025-10-19 12:30:00+00:00,GILD,0.3,Long,3
2025-10-21 10:30:00+00:00,GILD,0.20000000000000004,Long,3
2025-10-21 11:00:00+00:00,GILD,0.30000000000000004,Long,3
2025-10-22 12:57:13+00:00,GILD,0.09999999999999999,Neutral,3
2025-10-22 22:00:03+00:00,GILD,-0.05,Neutral,3
2025-10-22 02:00:59+00:00,GOOG,0.8,Long,3
2025-10-22 19:09:57+00:00,GOOG,0.8,Long,3
2025-10-22 19:44:39+00:00,GOOG,0.3666666666666667,Long,3
2025-10-22 19:53:05+00:00,GOOG,0.15000000000000002,Long,3
2025-10-22 20:28:00+00:00,GOOG,0.22000000000000003,Long,3
2025-10-22 21:24:51+00:00,GOOG,0.26666666666666666,Long,3
2025-10-22 21:59:57+00:00,GOOG,0.3,Long,3
2025-10-22 12:41:25+00:00,GOOGL,0.5,Long,3
2025-10-22 15:57:27+00:00,GOOGL,0.65,Long,3
2025-10-22 19:19:25+00:00,GOOGL,0.26666666666666666,Long,3
2025-10-22 20:27:04+00:00,GOOGL,0.325,Long,3
2025-10-22 22:07:00+00:00,GOOGL,0.14,Long,3
2025-10-23 01:32:39+00:00,GOOGL,0.20000000000000004,Long,3
2025-10-16 11:00:00+00:00,HON,0.5,Long,3
2025-10-16 11:30:00+00:00,HON,0.5,Long,3
2025-10-16 13:45:00+00:00,HON,0.5,Long,3
2025-10-16 14:00:13+00:00,HON,0.5,Long,3
2025-10-17 14:15:00+00:00,HON,0.5,Long,3
2025-10-17 16:26:43+00:00,HON,0.3833333333333333,Long,3
2025-10-17 23:00:16+00:00,HON,0.32857142857142857,Long,3
2025-10-17 23:25:00+00:00,HON,0.35,Long,3
2025-10-18 12:00:12+00:00,HON,0.36666666666666664,Long,3
2025-10-20 19:45:25+00:00,HON,0.375,Long,3
2025-10-22 00:00:00+00:00,HON,0.35,Long,3
2025-10-22 03:06:32+00:00,HON,0.39999999999999997,Long,3
2025-10-22 07:36:22+00:00,HON,0.35,Long,3
2025-10-22 09:20:12+00:00,HON,0.16,Long,3
2025-10-22 11:15:00+00:00,HON,0.21666666666666667,Long,3
2025-10-22 20:15:00+00:00,HON,0.2571428571428572,Long,3
2025-10-22 21:54:33+00:00,HON,0.2875,Long,3
2025-10-16 11:00:00+00:00,IDXX,0.5,Long,3
2025-10-20 06:05:38+00:00,IDXX,0.2,Long,3
2025-10-21 15:40:02+00:00,IDXX,0.2,Long,3
2025-10-22 13:03:27+00:00,IDXX,0.4000000000000001,Long,3
2025-10-22 02:33:00+00:00,INTC,0.5,Long,3
2025-10-22 03:09:21+00:00,INTC,0.5,Long,3
2025-10-22 05:00:00+00:00,INTC,0.5,Long,3
2025-10-22 08:29:27+00:00,INTC,0.5,Long,3
2025-10-22 11:53:13+00:00,INTC,0.5,Long,3
2025-10-22 12:03:00+00:00,INTC,0.5166666666666667,Long,3
2025-10-22 13:00:04+00:00,INTC,0.5142857142857143,Long,3
2025-10-22 14:30:19+00:00,INTC,0.45,Long,3
2025-10-22 14:31:00+00:00,INTC,0.4222222222222222,Long,3
2025-10-22 15:10:29+00:00,INTC,0.32999999999999996,Long,3
2025-10-22 15:56:27+00:00,INTC,0.34545454545454546,Long,3
2025-10-22 19:01:00+00:00,INTC,0.3833333333333333,Long,3
2025-10-22 22:20:57+00:00,INTC,0.3923076923076923,Long,3
2025-10-23 00:26:48+00:00,INTC,0.32857142857142857,Long,3
2025-10-23 02:00:00+00:00,INTC,0.30666666666666664,Long,3
2025-10-23 05:52:11+00:00,INTC,0.3,Long,3
2025-10-16 12:30:00+00:00,INTU,0.5,Long,3
2025-10-17 01:53:00+00:00,INTU,0.35,Long,3
2025-10-17 09:17:27+00:00,INTU,0.39999999999999997,Long,3
2025-10-17 15:47:00+00:00,INTU,0.425,Long,3
2025-10-17 17:11:00+00:00,INTU,0.45999999999999996,Long,3
2025-10-18 06:13:01+00:00,INTU,0.4666666666666666,Long,3
2025-10-19 10:15:00+00:00,INTU,0.31428571428571433,Long,3
2025-10-21 02:10:37+00:00,INTU,0.13333333333333333,Long,3
2025-10-21 16:31:11+00:00,INTU,0.13333333333333333,Long,3
2025-10-21 21:50:04+00:00,INTU,0.15000000000000002,Long,3
2025-10-22 21:25:42+00:00,INTU,0.42500000000000004,Long,3
2025-10-21 00:00:00+00:00,ISRG,0.1,Neutral,3
2025-10-22 15:24:10+00:00,ISRG,0.45,Long,3
2025-10-22 15:42:00+00:00,ISRG,0.5666666666666668,Long,3
2025-10-22 15:51:03+00:00,ISRG,0.55,Long,3
2025-10-22 16:01:44+00:00,ISRG,0.6,Long,3
2025-10-22 16:30:38+00:00,ISRG,0.5833333333333334,Long,3
2025-10-22 17:49:28+00:00,ISRG,0.5714285714285714,Long,3
2025-10-22 17:52:17+00:00,ISRG,0.6,Long,3
2025-10-22 18:14:23+00:00,ISRG,0.47777777777777775,Long,3
2025-10-22 20:06:50+00:00,ISRG,0.51,Long,3
2025-10-22 20:26:34+00:00,ISRG,0.5090909090909091,Long,3
2025-10-22 20:33:13+00:00,ISRG,0.5083333333333334,Long,3
2025-10-22 20:43:36+00:00,ISRG,0.4153846153846154,Long,3
2025-10-22 20:51:47+00:00,ISRG,0.4,Long,3
2025-10-23 00:20:36+00:00,ISRG,0.3866666666666667,Long,3
2025-10-23 06:11:34+00:00,ISRG,0.41250000000000003,Long,3
2025-10-16 14:00:14+00:00,KDP,0.5,Long,3
2025-10-17 15:18:20+00:00,KDP,-0.04999999999999999,Neutral,3
2025-10-18 15:10:27+00:00,KDP,0.13333333333333333,Long,3
2025-10-19 02:08:14+00:00,KDP,0.125,Long,3
2025-10-16 13:08:49+00:00,KHC,0.2,Long,3
2025-10-17 15:14:08+00:00,KHC,0.35,Long,3
2025-10-17 22:00:03+00:00,KHC,0.39999999999999997,Long,3
2025-10-19 11:07:37+00:00,KHC,0.3,Long,3
2025-10-20 09:30:00+00:00,KHC,0.275,Long,3
2025-10-20 10:00:25+00:00,KHC,0.32,Long,3
2025-10-20 19:43:32+00:00,KHC,0.12,Long,3
2025-10-21 08:17:00+00:00,KHC,-0.14,Short,3
2025-10-21 09:52:58+00:00,KHC,-0.08333333333333333,Neutral,3
2025-10-21 15:00:35+00:00,KHC,-7.93016446160826e-18,Neutral,3
2025-10-21 17:30:02+00:00,KHC,-0.0625,Neutral,3
2025-10-22 00:00:00+00:00,KHC,-0.044444444444444446,Neutral,3
2025-10-22 02:20:10+00:00,KHC,-0.04,Neutral,3
2025-10-22 07:15:20+00:00,KHC,-0.018181818181818184,Neutral,3
2025-10-22 13:00:00+00:00,KHC,0.027272727272727268,Neutral,3
2025-10-16 13:35:02+00:00,KLAC,0.5,Long,3
2025-10-16 22:15:02+00:00,KLAC,0.35,Long,3
2025-10-17 21:42:05+00:00,KLAC,0.5,Long,3
2025-10-20 04:45:37+00:00,KLAC,0.5,Long,3
2025-10-20 15:19:00+00:00,KLAC,0.3333333333333333,Long,3
2025-10-20 15:36:19+00:00,KLAC,0.375,Long,3
2025-10-20 15:36:34+00:00,KLAC,0.4,Long,3
2025-10-20 16:00:04+00:00,KLAC,0.43333333333333335,Long,3
2025-10-20 19:12:03+00:00,KLAC,0.4571428571428572,Long,3
2025-10-22 22:15:05+00:00,KLAC,0.27142857142857146,Long,3
2025-10-20 11:14:47+00:00,LRCX,0.5,Long,3
2025-10-20 13:45:00+00:00,LRCX,0.35,Long,3
2025-10-20 16:00:03+00:00,LRCX,0.39999999999999997,Long,3
2025-10-21 02:27:40+00:00,LRCX,0.425,Long,3
2025-10-21 03:10:11+00:00,LRCX,0.44000000000000006,Long,3
2025-10-21 10:04:00+00:00,LRCX,0.45,Long,3
2025-10-21 13:40:01+00:00,LRCX,0.5285714285714286,Long,3
2025-10-22 00:00:00+00:00,LRCX,0.4625,Long,3
2025-10-22 14:08:00+00:00,LRCX,0.5,Long,3
2025-10-22 20:05:00+00:00,LRCX,0.45,Long,3
2025-10-22 20:15:38+00:00,LRCX,0.45454545454545453,Long,3
2025-10-22 20:25:06+00:00,LRCX,0.48333333333333334,Long,3
2025-10-22 20:55:11+00:00,LRCX,0.5076923076923077,Long,3
2025-10-22 21:15:02+00:00,LRCX,0.5285714285714286,Long,3
2025-10-22 21:36:10+00:00,LRCX,0.5466666666666666,Long,3
2025-10-23 04:24:54+00:00,LRCX,0.54375,Long,3
2025-10-18 23:31:00+00:00,LULU,0.5,Long,3
2025-10-20 14:57:13+00:00,LULU,0.35,Long,3
2025-10-20 17:36:20+00:00,LULU,0.39999999999999997,Long,3
2025-10-20 18:41:00+00:00,LULU,0.425,Long,3
2025-10-21 00:00:00+00:00,LULU,0.33999999999999997,Long,3
2025-10-21 10:46:00+00:00,LULU,0.31666666666666665,Long,3
2025-10-21 11:30:00+00:00,LULU,0.38571428571428573,Long,3
2025-10-21 17:40:42+00:00,LULU,0.4,Long,3
2025-10-21 19:35:00+00:00,LULU,0.41111111111111115,Long,3
2025-10-22 02:42:19+00:00,LULU,0.41111111111111115,Long,3
2025-10-22 04:03:49+00:00,LULU,0.45,Long,3
2025-10-22 04:35:18+00:00,LULU,0.45454545454545453,Long,3
2025-10-22 13:00:03+00:00,LULU,0.43333333333333335,Long,3
2025-10-22 14:13:28+00:00,LULU,0.3538461538461538,Long,3
2025-10-22 15:22:00+00:00,LULU,0.34285714285714286,Long,3
2025-10-22 16:10:38+00:00,LULU,0.2866666666666667,Long,3
2025-10-22 21:35:17+00:00,LULU,0.3,Long,3
2025-10-22 21:45:05+00:00,LULU,0.2529411764705882,Long,3
2025-10-16 15:00:00+00:00,MAR,0.5,Long,3
2025-10-16 15:46:23+00:00,MAR,0.35,Long,3
2025-10-20 14:08:00+00:00,MAR,0.6,Long,3
2025-10-21 15:14:28+00:00,MAR,0.04999999999999999,Neutral,3
2025-10-22 12:46:09+00:00,MAR,0.09999999999999999,Neutral,3
2025-10-17 04:37:14+00:00,MCHP,0.0,Neutral,3
2025-10-17 05:39:24+00:00,MCHP,0.25,Long,3
2025-10-21 12:09:00+00:00,MCHP,0.8,Long,3
2025-10-22 10:14:50+00:00,MCHP,0.15000000000000002,Long,3
2025-10-22 11:13:20+00:00,MCHP,0.26666666666666666,Long,3
2025-10-22 15:51:08+00:00,MCHP,0.07500000000000001,Neutral,3
2025-10-16 13:05:00+00:00,MDLZ,0.5,Long,3
2025-10-16 14:21:00+00:00,MDLZ,0.65,Long,3
2025-10-16 15:56:00+00:00,MDLZ,0.7000000000000001,Long,3
2025-10-17 06:49:26+00:00,MDLZ,0.5750000000000001,Long,3
2025-10-17 13:24:16+00:00,MDLZ,0.56,Long,3
2025-10-17 16:06:05+00:00,MDLZ,0.35000000000000003,Long,3
2025-10-17 16:22:55+00:00,MDLZ,0.2285714285714286,Long,3
2025-10-20 21:12:30+00:00,MDLZ,0.5,Long,3
2025-10-21 14:00:21+00:00,MDLZ,-0.09999999999999998,Neutral,3
2025-10-21 15:00:00+00:00,MDLZ,0.13333333333333333,Long,3
2025-10-21 15:00:23+00:00,MDLZ,0.1,Neutral,3
2025-10-22 13:00:00+00:00,MDLZ,0.24000000000000005,Long,3
2025-10-22 14:00:17+00:00,MDLZ,0.11666666666666668,Long,3
2025-10-22 15:15:24+00:00,MDLZ,0.1142857142857143,Long,3
2025-10-16 16:13:04+00:00,MELI,0.6,Long,3
2025-10-16 18:42:00+00:00,MELI,0.55,Long,3
2025-10-18 07:15:00+00:00,MELI,0.5333333333333333,Long,3
2025-10-19 21:08:45+00:00,MELI,0.5,Long,3
2025-10-21 05:08:18+00:00,MELI,0.6,Long,3
2025-10-21 21:50:04+00:00,MELI,0.6,Long,3
2025-10-22 09:17:22+00:00,MELI,0.575,Long,3
2025-10-22 14:00:26+00:00,MELI,0.5599999999999999,Long,3
2025-10-22 19:30:50+00:00,MELI,0.5499999999999999,Long,3
2025-10-22 15:29:00+00:00,META,-0.8,Short,3
2025-10-22 16:52:00+00:00,META,-0.65,Short,3
2025-10-22 17:22:00+00:00,META,-0.26666666666666666,Short,3
2025-10-22 17:26:00+00:00,META,-0.4,Short,3
2025-10-22 17:44:25+00:00,META,-0.4800000000000001,Short,3
2025-10-22 17:45:47+00:00,META,-0.43333333333333335,Short,3
2025-10-22 19:04:41+00:00,META,-0.3,Short,3
2025-10-22 20:05:00+00:00,META,-0.36250000000000004,Short,3
2025-10-22 20:12:00+00:00,META,-0.2666666666666667,Short,3
2025-10-22 21:00:38+00:00,META,-0.3,Short,3
2025-10-22 21:32:09+00:00,META,-0.22727272727272727,Short,3
2025-10-22 21:59:21+00:00,META,-0.16666666666666666,Short,3
2025-10-23 02:33:00+00:00,META,-0.13846153846153847,Short,3
2025-10-18 11:00:19+00:00,MNST,0.2,Long,3
2025-10-21 15:15:41+00:00,MNST,0.5,Long,3
2025-10-21 20:13:27+00:00,MNST,0.55,Long,3
2025-10-22 13:00:00+00:00,MNST,0.5333333333333333,Long,3
2025-10-22 15:51:18+00:00,MNST,0.275,Long,3
2025-10-16 11:00:11+00:00,MRVL,0.2,Long,3
2025-10-17 14:02:00+00:00,MRVL,0.4,Long,3
2025-10-17 15:02:00+00:00,MRVL,0.4333333333333333,Long,3
2025-10-20 13:34:43+00:00,MRVL,0.43333333333333335,Long,3
2025-10-20 21:50:02+00:00,MRVL,-0.15000000000000002,Short,3
2025-10-21 16:15:54+00:00,MRVL,0.09999999999999998,Neutral,3
2025-10-22 17:51:00+00:00,MRVL,0.12499999999999999,Long,3
2025-10-22 14:05:36+00:00,MSFT,0.8,Long,3
2025-10-22 16:34:31+00:00,MSFT,0.5,Long,3
2025-10-22 17:21:00+00:00,MSFT,0.5,Long,3
2025-10-22 17:38:44+00:00,MSFT,0.175,Long,3
2025-10-22 18:01:08+00:00,MSFT,-0.020000000000000018,Neutral,3
2025-10-22 18:30:03+00:00,MSFT,0.06666666666666665,Neutral,3
2025-10-22 18:30:05+00:00,MSFT,0.0857142857142857,Neutral,3
2025-10-22 19:40:39+00:00,MSFT,0.13749999999999998,Long,3
2025-10-22 21:08:00+00:00,MSFT,0.04444444444444443,Neutral,3
2025-10-22 21:47:00+00:00,MSFT,-0.030000000000000006,Neutral,3
2025-10-20 00:00:00+00:00,MSTR,0.1,Neutral,3
2025-10-21 13:00:00+00:00,MSTR,0.05,Neutral,3
2025-10-21 13:00:04+00:00,MSTR,0.19999999999999998,Long,3
2025-10-21 13:56:00+00:00,MSTR,0.35,Long,3
2025-10-21 14:25:09+00:00,MSTR,0.32,Long,3
2025-10-21 15:24:26+00:00,MSTR,0.4000000000000001,Long,3
2025-10-21 17:24:09+00:00,MSTR,0.4571428571428572,Long,3
2025-10-21 17:58:56+00:00,MSTR,0.4625,Long,3
2025-10-21 19:30:22+00:00,MSTR,0.4666666666666667,Long,3
2025-10-21 20:14:37+00:00,MSTR,0.47000000000000003,Long,3
2025-10-21 23:03:20+00:00,MSTR,0.3727272727272728,Long,3
2025-10-22 08:46:05+00:00,MSTR,0.3,Long,3
2025-10-22 11:14:42+00:00,MSTR,0.2923076923076923,Long,3
2025-10-22 14:13:00+00:00,MSTR,0.3285714285714286,Long,3
2025-10-22 15:28:59+00:00,MSTR,0.25333333333333335,Long,3
2025-10-22 17:18:53+00:00,MSTR,0.20625000000000002,Long,3
2025-10-22 17:45:35+00:00,MSTR,0.2058823529411765,Long,3
2025-10-22 17:45:50+00:00,MSTR,0.15000000000000002,Long,3
2025-10-22 17:50:38+00:00,MSTR,0.11578947368421054,Long,3
2025-10-20 23:00:38+00:00,MU,0.1,Neutral,3
2025-10-21 00:00:00+00:00,MU,-0.2,Short,3
2025-10-21 12:26:00+00:00,MU,0.06666666666666665,Neutral,3
2025-10-21 13:00:00+00:00,MU,0.19999999999999998,Long,3
2025-10-21 13:15:02+00:00,MU,0.25999999999999995,Long,3
2025-10-21 20:01:00+00:00,MU,0.21666666666666665,Long,3
2025-10-22 10:08:27+00:00,MU,0.2571428571428571,Long,3
2025-10-22 10:23:00+00:00,MU,0.2875,Long,3
2025-10-22 12:30:02+00:00,MU,0.3111111111111111,Long,3
2025-10-22 13:01:00+00:00,MU,0.33999999999999997,Long,3
2025-10-22 18:25:42+00:00,MU,0.24545454545454548,Long,3
2025-10-22 18:25:51+00:00,MU,0.18333333333333335,Long,3
2025-10-22 19:20:46+00:00,MU,0.13076923076923078,Long,3
2025-10-21 00:00:00+00:00,NFLX,0.1,Neutral,3
2025-10-22 05:05:56+00:00,NFLX,-0.2,Short,3
2025-10-22 13:07:46+00:00,NFLX,-0.10000000000000002,Short,3
2025-10-22 14:42:32+00:00,NFLX,-0.2,Short,3
2025-10-22 14:48:51+00:00,NFLX,0.0,Neutral,3
2025-10-22 18:44:58+00:00,NFLX,-0.08333333333333333,Neutral,3
2025-10-22 18:52:51+00:00,NFLX,0.0,Neutral,3
2025-10-22 19:22:42+00:00,NFLX,0.0625,Neutral,3
2025-10-22 19:49:02+00:00,NFLX,0.05555555555555555,Neutral,3
2025-10-22 20:02:06+00:00,NFLX,-0.009999999999999998,Neutral,3
2025-10-22 20:22:00+00:00,NFLX,-0.009090909090909089,Neutral,3
2025-10-22 20:56:05+00:00,NFLX,-0.05833333333333333,Neutral,3
2025-10-22 21:56:00+00:00,NFLX,-0.03846153846153846,Neutral,3
2025-10-22 22:33:00+00:00,NFLX,0.007142857142857145,Neutral,3
2025-10-23 03:34:48+00:00,NFLX,-0.039999999999999994,Neutral,3
2025-10-23 06:10:42+00:00,NFLX,-0.02499999999999999,Neutral,3
2025-10-22 18:31:06+00:00,NVDA,0.5,Long,3
2025-10-22 18:49:14+00:00,NVDA,-0.04999999999999999,Neutral,3
2025-10-22 21:22:44+00:00,NVDA,0.13333333333333333,Long,3
2025-10-22 22:49:26+00:00,NVDA,-0.04999999999999999,Neutral,3
2025-10-22 23:23:58+00:00,NVDA,0.06000000000000001,Neutral,3
2025-10-23 01:05:00+00:00,NVDA,0.13333333333333333,Long,3
2025-10-23 03:31:08+00:00,NVDA,0.18571428571428572,Long,3
2025-10-23 04:30:00+00:00,NVDA,0.225,Long,3
2025-10-23 05:39:32+00:00,NVDA,0.2888888888888889,Long,3
2025-10-16 16:10:02+00:00,NXPI,0.2,Long,3
2025-10-17 15:33:00+00:00,NXPI,0.2,Long,3
2025-10-17 22:15:04+00:00,NXPI,-0.033333333333333326,Neutral,3
2025-10-20 04:47:36+00:00,NXPI,-0.033333333333333326,Neutral,3
2025-10-20 14:00:03+00:00,NXPI,0.1,Neutral,3
2025-10-21 10:35:00+00:00,NXPI,0.39999999999999997,Long,3
2025-10-22 04:33:38+00:00,NXPI,0.35,Long,3
2025-10-22 06:07:17+00:00,NXPI,0.38,Long,3
2025-10-22 13:15:05+00:00,NXPI,0.35000000000000003,Long,3
2025-10-22 14:36:00+00:00,NXPI,0.38571428571428573,Long,3
2025-10-17 20:10:00+00:00,ODFL,0.5,Long,3
2025-10-20 11:00:00+00:00,ODFL,0.25,Long,3
2025-10-20 16:58:42+00:00,ODFL,0.2333333333333333,Long,3
2025-10-21 09:52:53+00:00,ODFL,0.2333333333333333,Long,3
2025-10-21 10:50:00+00:00,ODFL,0.19999999999999998,Long,3
2025-10-21 11:11:06+00:00,ODFL,0.2,Long,3
2025-10-22 14:00:29+00:00,ODFL,0.08333333333333333,Neutral,3
2025-10-16 19:54:44+00:00,ON,-0.6,Short,3
2025-10-16 20:05:00+00:00,ON,-0.3,Short,3
2025-10-17 09:23:39+00:00,ON,-0.13333333333333333,Short,3
2025-10-17 10:10:56+00:00,ON,-0.3,Short,3
2025-10-17 12:55:20+00:00,ON,-0.07999999999999999,Neutral,3
2025-10-17 13:01:30+00:00,ON,0.03333333333333335,Neutral,3
2025-10-17 14:57:36+00:00,ON,-0.08571428571428572,Neutral,3
2025-10-17 15:16:35+00:00,ON,-0.1,Neutral,3
2025-10-18 09:31:37+00:00,ON,-0.06666666666666667,Neutral,3
2025-10-18 17:50:54+00:00,ON,-0.039999999999999994,Neutral,3
2025-10-18 22:07:25+00:00,ON,0.009090909090909094,Neutral,3
2025-10-18 22:41:23+00:00,ON,0.025000000000000005,Neutral,3
2025-10-19 03:14:36+00:00,ON,-0.030769230769230764,Neutral,3
2025-10-19 07:24:59+00:00,ON,-0.014285714285714278,Neutral,3
2025-10-19 11:09:56+00:00,ON,7.401486830834377e-18,Neutral,3
2025-10-19 11:11:30+00:00,ON,0.012500000000000008,Neutral,3
2025-10-19 18:21:40+00:00,ON,0.02352941176470589,Neutral,3
2025-10-19 23:45:00+00:00,ON,0.1125,Long,3
2025-10-20 09:28:57+00:00,ON,0.15000000000000002,Long,3
2025-10-20 10:36:46+00:00,ON,0.2125,Long,3
2025-10-20 10:52:58+00:00,ON,0.15294117647058822,Long,3
2025-10-20 13:51:01+00:00,ON,0.0875,Neutral,3
2025-10-20 14:00:04+00:00,ON,0.05294117647058823,Neutral,3
2025-10-20 14:50:19+00:00,ON,0.07777777777777778,Neutral,3
2025-10-20 16:54:09+00:00,ON,0.11176470588235293,Long,3
2025-10-20 17:00:53+00:00,ON,0.15000000000000002,Long,3
2025-10-20 18:05:48+00:00,ON,0.16842105263157894,Long,3
2025-10-20 19:35:52+00:00,ON,0.19,Long,3
2025-10-20 20:08:23+00:00,ON,0.1523809523809524,Long,3
2025-10-20 20:47:50+00:00,ON,0.10909090909090909,Long,3
2025-10-20 21:03:46+00:00,ON,0.08260869565217391,Neutral,3
2025-10-20 21:25:44+00:00,ON,0.09999999999999999,Neutral,3
2025-10-20 21:26:07+00:00,ON,0.11599999999999999,Long,3
2025-10-21 06:39:48+00:00,ON,0.0923076923076923,Neutral,3
2025-10-21 08:33:30+00:00,ON,0.059259259259259255,Neutral,3
2025-10-21 09:30:29+00:00,ON,0.06428571428571428,Neutral,3
2025-10-21 10:01:11+00:00,ON,0.0642857142857143,Neutral,3
2025-10-21 14:22:16+00:00,ON,0.07931034482758621,Neutral,3
2025-10-21 15:01:10+00:00,ON,0.09666666666666668,Neutral,3
2025-10-21 15:54:26+00:00,ON,0.0967741935483871,Neutral,3
2025-10-21 17:08:08+00:00,ON,0.11875000000000001,Long,3
2025-10-21 17:29:41+00:00,ON,0.09696969696969697,Neutral,3
2025-10-21 17:38:14+00:00,ON,0.07941176470588236,Neutral,3
2025-10-21 18:57:56+00:00,ON,0.07941176470588236,Neutral,3
2025-10-21 20:10:02+00:00,ON,0.09428571428571428,Neutral,3
2025-10-21 20:12:22+00:00,ON,0.07500000000000001,Neutral,3
2025-10-21 20:20:48+00:00,ON,0.05945945945945946,Neutral,3
2025-10-21 21:21:53+00:00,ON,0.07894736842105263,Neutral,3
2025-10-22 00:34:04+00:00,ON,0.048648648648648644,Neutral,3
2025-10-22 07:01:31+00:00,ON,0.07297297297297298,Neutral,3
2025-10-22 09:07:21+00:00,ON,0.04594594594594594,Neutral,3
2025-10-22 13:00:03+00:00,ON,0.05,Neutral,3
2025-10-22 14:55:15+00:00,ON,0.06216216216216216,Neutral,3
2025-10-22 15:41:49+00:00,ON,0.044736842105263165,Neutral,3
2025-10-22 15:43:34+00:00,ON,0.030769230769230774,Neutral,3
2025-10-22 15:49:50+00:00,ON,0.045,Neutral,3
2025-10-22 16:08:43+00:00,ON,0.04878048780487805,Neutral,3
2025-10-22 16:35:26+00:00,ON,0.03333333333333334,Neutral,3
2025-10-22 16:51:03+00:00,ON,0.0186046511627907,Neutral,3
2025-10-22 18:45:40+00:00,ON,0.002325581395348842,Neutral,3
2025-10-22 20:06:30+00:00,ON,0.013636363636363641,Neutral,3
2025-10-22 22:00:04+00:00,ON,0.0022222222222222266,Neutral,3
2025-10-23 00:49:42+00:00,ON,-0.002222222222222219,Neutral,3
2025-10-23 01:17:49+00:00,ON,0.01521739130434783,Neutral,3
2025-10-23 02:38:10+00:00,ON,0.01914893617021277,Neutral,3
2025-10-23 03:11:48+00:00,ON,0.03125000000000001,Neutral,3
2025-10-23 06:31:11+00:00,ON,0.018367346938775515,Neutral,3
2025-10-17 13:15:03+00:00,ORLY,0.2,Long,3
2025-10-19 11:33:58+00:00,ORLY,0.15000000000000002,Long,3
2025-10-20 12:06:52+00:00,ORLY,0.16666666666666666,Long,3
2025-10-21 03:05:38+00:00,ORLY,0.10000000000000002,Long,3
2025-10-21 10:00:00+00:00,ORLY,-0.125,Short,3
2025-10-21 10:40:00+00:00,ORLY,0.0,Neutral,3
2025-10-22 00:00:00+00:00,ORLY,0.0,Neutral,3
2025-10-22 11:36:55+00:00,ORLY,-0.09999999999999999,Neutral,3
2025-10-22 20:30:00+00:00,ORLY,-0.08571428571428572,Neutral,3
2025-10-22 20:41:47+00:00,ORLY,-0.075,Neutral,3
2025-10-22 21:31:33+00:00,ORLY,-0.06666666666666667,Neutral,3
2025-10-22 21:40:03+00:00,ORLY,0.020000000000000007,Neutral,3
2025-10-22 22:00:02+00:00,ORLY,0.06363636363636364,Neutral,3
2025-10-17 08:03:00+00:00,PANW,0.6,Long,3
2025-10-17 12:00:00+00:00,PANW,0.55,Long,3
2025-10-17 21:45:02+00:00,PANW,0.5333333333333333,Long,3
2025-10-17 22:11:08+00:00,PANW,0.525,Long,3
2025-10-17 23:06:15+00:00,PANW,0.44000000000000006,Long,3
2025-10-20 15:21:08+00:00,PANW,0.42499999999999993,Long,3
2025-10-20 19:39:58+00:00,PANW,0.5,Long,3
2025-10-20 20:40:51+00:00,PANW,0.5499999999999999,Long,3
2025-10-21 08:12:18+00:00,PANW,0.7,Long,3
2025-10-21 11:24:09+00:00,PANW,0.5599999999999999,Long,3
2025-10-21 13:00:03+00:00,PANW,0.5499999999999999,Long,3
2025-10-21 13:26:00+00:00,PANW,0.5,Long,3
2025-10-21 13:30:02+00:00,PANW,0.5,Long,3
2025-10-21 16:00:02+00:00,PANW,0.5,Long,3
2025-10-22 02:46:10+00:00,PANW,0.5,Long,3
2025-10-22 04:05:11+00:00,PANW,0.5,Long,3
2025-10-22 12:30:02+00:00,PANW,0.5,Long,3
2025-10-23 02:35:35+00:00,PANW,0.5076923076923077,Long,3
2025-10-16 11:31:48+00:00,PAYX,0.5,Long,3
2025-10-18 06:13:09+00:00,PAYX,0.3,Long,3
2025-10-20 04:39:55+00:00,PAYX,0.3,Long,3
2025-10-22 19:06:23+00:00,PAYX,0.5,Long,3
2025-10-16 13:15:04+00:00,PCAR,0.2,Long,3
2025-10-20 03:06:18+00:00,PCAR,0.5,Long,3
2025-10-21 00:00:00+00:00,PCAR,0.25,Long,3
2025-10-21 12:00:00+00:00,PCAR,0.43333333333333335,Long,3
2025-10-21 12:12:14+00:00,PCAR,0.2,Long,3
2025-10-21 12:18:40+00:00,PCAR,0.16,Long,3
2025-10-21 12:28:45+00:00,PCAR,0.21666666666666667,Long,3
2025-10-21 13:10:02+00:00,PCAR,0.2571428571428572,Long,3
2025-10-21 13:30:06+00:00,PCAR,0.2875,Long,3
2025-10-21 20:07:55+00:00,PCAR,0.3111111111111111,Long,3
2025-10-21 22:08:32+00:00,PCAR,0.32999999999999996,Long,3
2025-10-21 23:00:46+00:00,PCAR,0.35454545454545455,Long,3
2025-10-22 02:10:59+00:00,PCAR,0.3666666666666667,Long,3
2025-10-22 05:31:10+00:00,PCAR,0.34615384615384615,Long,3
2025-10-22 13:34:05+00:00,PCAR,0.33571428571428574,Long,3
2025-10-22 14:49:00+00:00,PCAR,0.3466666666666667,Long,3
2025-10-20 15:40:03+00:00,PDD,0.2,Long,3
2025-10-20 21:45:02+00:00,PDD,0.35,Long,3
2025-10-21 10:10:43+00:00,PDD,0.3,Long,3
2025-10-21 13:10:44+00:00,PDD,0.375,Long,3
2025-10-19 12:30:13+00:00,PEP,-0.5,Short,3
2025-10-19 13:00:26+00:00,PEP,-0.55,Short,3
2025-10-19 13:15:00+00:00,PEP,-0.16666666666666666,Short,3
2025-10-19 17:50:00+00:00,PEP,0.0,Neutral,3
2025-10-19 18:47:00+00:00,PEP,-0.1,Neutral,3
2025-10-20 02:01:04+00:00,PEP,0.0,Neutral,3
2025-10-20 09:05:00+00:00,PEP,0.07142857142857142,Neutral,3
2025-10-20 21:58:00+00:00,PEP,0.1625,Long,3
2025-10-20 22:07:07+00:00,PEP,0.2,Long,3
2025-10-21 10:00:00+00:00,PEP,0.22999999999999998,Long,3
2025-10-21 11:31:55+00:00,PEP,0.2636363636363636,Long,3
2025-10-21 16:54:00+00:00,PEP,0.2833333333333333,Long,3
2025-10-21 19:30:00+00:00,PEP,0.27692307692307694,Long,3
2025-10-22 08:16:34+00:00,PEP,0.2928571428571428,Long,3
2025-10-22 11:26:00+00:00,PEP,0.30666666666666664,Long,3
2025-10-22 13:00:00+00:00,PEP,0.3733333333333333,Long,3
2025-10-22 19:06:29+00:00,PEP,0.5083333333333333,Long,3
2025-10-18 18:57:59+00:00,PLTR,0.2,Long,3
2025-10-21 08:04:00+00:00,PLTR,0.5,Long,3
2025-10-21 09:37:39+00:00,PLTR,0.5333333333333333,Long,3
2025-10-21 11:38:07+00:00,PLTR,0.525,Long,3
2025-10-21 12:11:00+00:00,PLTR,0.54,Long,3
2025-10-21 14:14:58+00:00,PLTR,0.5333333333333333,Long,3
2025-10-21 16:20:00+00:00,PLTR,0.5428571428571428,Long,3
2025-10-21 19:05:00+00:00,PLTR,0.5428571428571428,Long,3
2025-10-22 04:01:27+00:00,PLTR,0.575,Long,3
2025-10-22 09:00:00+00:00,PLTR,0.4555555555555555,Long,3
2025-10-22 09:17:34+00:00,PLTR,0.41,Long,3
2025-10-22 10:30:00+00:00,PLTR,0.4454545454545455,Long,3
2025-10-22 12:37:00+00:00,PLTR,0.425,Long,3
2025-10-22 13:00:02+00:00,PLTR,0.4538461538461539,Long,3
2025-10-22 13:45:00+00:00,PLTR,0.4571428571428572,Long,3
2025-10-22 15:40:20+00:00,PLTR,0.46,Long,3
2025-10-22 21:22:00+00:00,PLTR,0.38125,Long,3
2025-10-21 12:12:33+00:00,PYPL,0.5,Long,3
2025-10-21 13:45:48+00:00,PYPL,0.25,Long,3
2025-10-21 14:00:22+00:00,PYPL,0.0,Neutral,3
2025-10-21 17:08:21+00:00,PYPL,0.125,Long,3
2025-10-21 19:53:25+00:00,PYPL,0.1,Neutral,3
2025-10-22 00:13:09+00:00,PYPL,0.11666666666666665,Long,3
2025-10-22 12:30:00+00:00,PYPL,0.17142857142857143,Long,3
2025-10-22 12:40:50+00:00,PYPL,0.0875,Neutral,3
2025-10-22 13:00:00+00:00,PYPL,0.14444444444444443,Long,3
2025-10-22 15:00:00+00:00,PYPL,0.21000000000000002,Long,3
2025-10-22 15:20:00+00:00,PYPL,0.24545454545454548,Long,3
2025-10-22 15:38:00+00:00,PYPL,0.26666666666666666,Long,3
2025-10-22 16:01:39+00:00,PYPL,0.2846153846153846,Long,3
2025-10-22 17:53:45+00:00,PYPL,0.2714285714285714,Long,3
2025-10-22 19:42:21+00:00,PYPL,0.2866666666666667,Long,3
2025-10-22 21:24:21+00:00,PYPL,0.3,Long,3
2025-10-23 04:25:34+00:00,PYPL,0.32941176470588235,Long,3
2025-10-23 05:42:06+00:00,PYPL,0.33888888888888885,Long,3
2025-10-23 06:05:45+00:00,PYPL,0.34736842105263155,Long,3
2025-10-20 16:43:00+00:00,QCOM,0.6,Long,3
2025-10-20 21:45:03+00:00,QCOM,0.55,Long,3
2025-10-21 11:30:02+00:00,QCOM,0.6333333333333333,Long,3
2025-10-21 13:00:04+00:00,QCOM,0.625,Long,3
2025-10-21 14:00:00+00:00,QCOM,0.6,Long,3
2025-10-21 14:20:00+00:00,QCOM,0.5,Long,3
2025-10-21 14:22:00+00:00,QCOM,0.5,Long,3
2025-10-21 15:37:00+00:00,QCOM,0.5,Long,3
2025-10-22 00:15:21+00:00,QCOM,0.3888888888888889,Long,3
2025-10-22 04:31:31+00:00,QCOM,0.35,Long,3
2025-10-22 06:25:50+00:00,QCOM,0.33636363636363636,Long,3
2025-10-22 10:10:14+00:00,QCOM,0.35000000000000003,Long,3
2025-10-22 13:00:00+00:00,QCOM,0.3230769230769231,Long,3
2025-10-22 13:00:04+00:00,QCOM,0.35714285714285715,Long,3
2025-10-22 13:45:00+00:00,QCOM,0.3333333333333333,Long,3
2025-10-22 14:25:00+00:00,QCOM,0.3125,Long,3
2025-10-22 15:12:00+00:00,QCOM,0.29411764705882354,Long,3
2025-10-22 16:25:09+00:00,QCOM,0.2833333333333333,Long,3
2025-10-23 04:20:36+00:00,QCOM,0.2789473684210526,Long,3
2025-10-17 11:30:00+00:00,REGN,0.6,Long,3
2025-10-17 18:41:47+00:00,REGN,0.4,Long,3
2025-10-17 20:21:54+00:00,REGN,0.43333333333333335,Long,3
2025-10-21 14:00:22+00:00,REGN,-0.5,Short,3
2025-10-16 12:00:00+00:00,ROP,0.5,Long,3
2025-10-16 14:00:00+00:00,ROP,0.5,Long,3
2025-10-18 05:10:26+00:00,ROP,0.39999999999999997,Long,3
2025-10-21 13:15:05+00:00,ROP,0.2,Long,3
2025-10-19 13:30:57+00:00,ROST,-0.6,Short,3
2025-10-20 03:31:19+00:00,ROST,-0.04999999999999999,Neutral,3
2025-10-22 13:30:02+00:00,ROST,0.13333333333333333,Long,3
2025-10-19 19:51:00+00:00,SBUX,0.8,Long,3
2025-10-20 11:04:05+00:00,SBUX,0.15000000000000002,Long,3
2025-10-20 11:37:00+00:00,SBUX,0.16666666666666666,Long,3
2025-10-20 12:50:19+00:00,SBUX,1.3877787807814457e-17,Neutral,3
2025-10-20 19:25:11+00:00,SBUX,0.040000000000000015,Neutral,3
2025-10-20 19:30:00+00:00,SBUX,-0.09999999999999999,Neutral,3
2025-10-20 23:20:58+00:00,SBUX,-0.014285714285714282,Neutral,3
2025-10-21 03:48:58+00:00,SBUX,0.0625,Neutral,3
2025-10-21 12:53:00+00:00,SBUX,0.14444444444444446,Long,3
2025-10-21 14:12:00+00:00,SBUX,0.18,Long,3
2025-10-21 14:35:24+00:00,SBUX,0.16363636363636364,Long,3
2025-10-21 18:48:26+00:00,SBUX,0.10833333333333334,Long,3
2025-10-21 21:45:05+00:00,SBUX,0.11538461538461539,Long,3
2025-10-22 10:12:00+00:00,SBUX,0.14285714285714285,Long,3
2025-10-22 11:29:16+00:00,SBUX,0.17333333333333334,Long,3
2025-10-22 14:00:35+00:00,SBUX,0.13125,Long,3
2025-10-22 14:09:58+00:00,SBUX,0.12941176470588237,Long,3
2025-10-22 14:10:20+00:00,SBUX,0.12222222222222223,Long,3
2025-10-22 18:14:50+00:00,SBUX,0.12105263157894736,Long,3
2025-10-22 22:23:43+00:00,SBUX,0.10526315789473684,Long,3
2025-10-18 06:13:03+00:00,SHOP,0.5,Long,3
2025-10-18 08:15:00+00:00,SHOP,0.65,Long,3
2025-10-20 14:05:00+00:00,SHOP,0.6333333333333333,Long,3
2025-10-20 17:36:31+00:00,SHOP,0.625,Long,3
2025-10-20 19:46:29+00:00,SHOP,0.54,Long,3
2025-10-21 02:09:34+00:00,SHOP,0.5333333333333333,Long,3
2025-10-21 07:45:00+00:00,SHOP,0.5333333333333333,Long,3
2025-10-21 08:00:00+00:00,SHOP,0.4857142857142857,Long,3
2025-10-21 09:30:00+00:00,SHOP,0.2857142857142857,Long,3
2025-10-21 10:22:00+00:00,SHOP,0.3125,Long,3
2025-10-21 13:05:00+00:00,SHOP,0.3333333333333333,Long,3
2025-10-21 21:45:05+00:00,SHOP,0.25,Long,3
2025-10-22 02:47:40+00:00,SHOP,0.2727272727272727,Long,3
2025-10-22 11:09:20+00:00,SHOP,0.2916666666666667,Long,3
2025-10-22 12:59:00+00:00,SHOP,0.33076923076923076,Long,3
2025-10-22 15:18:36+00:00,SHOP,0.35,Long,3
2025-10-22 21:24:11+00:00,SHOP,0.36,Long,3
2025-10-16 12:57:20+00:00,SNPS,0.6,Long,3
2025-10-16 14:53:00+00:00,SNPS,0.55,Long,3
2025-10-17 12:30:00+00:00,SNPS,0.5333333333333333,Long,3
2025-10-17 15:20:34+00:00,SNPS,0.525,Long,3
2025-10-17 21:10:02+00:00,SNPS,0.52,Long,3
2025-10-18 06:13:06+00:00,SNPS,0.5333333333333333,Long,3
2025-10-20 21:50:03+00:00,SNPS,0.55,Long,3
2025-10-21 14:30:00+00:00,SNPS,0.65,Long,3
2025-10-16 12:21:40+00:00,TEAM,0.6,Long,3
2025-10-17 10:59:23+00:00,TEAM,0.6,Long,3
2025-10-17 16:06:54+00:00,TEAM,0.2333333333333333,Long,3
2025-10-18 16:00:35+00:00,TEAM,0.19999999999999998,Long,3
2025-10-19 07:44:00+00:00,TEAM,0.32,Long,3
2025-10-19 08:07:32+00:00,TEAM,0.18333333333333335,Long,3
2025-10-19 11:14:52+00:00,TEAM,0.18571428571428572,Long,3
2025-10-20 21:55:50+00:00,TEAM,0.28,Long,3
2025-10-21 12:05:00+00:00,TEAM,0.3166666666666667,Long,3
2025-10-21 20:05:42+00:00,TEAM,0.3833333333333333,Long,3
2025-10-23 00:29:33+00:00,TEAM,0.65,Long,3
2025-10-23 01:18:00+00:00,TEAM,0.36,Long,3
2025-10-20 15:29:00+00:00,TMUS,0.5,Long,3
2025-10-20 18:11:24+00:00,TMUS,0.5,Long,3
2025-10-20 19:13:32+00:00,TMUS,0.6,Long,3
2025-10-20 21:01:36+00:00,TMUS,0.65,Long,3
2025-10-21 06:57:01+00:00,TMUS,0.56,Long,3
2025-10-21 11:01:00+00:00,TMUS,0.55,Long,3
2025-10-21 12:43:00+00:00,TMUS,0.5571428571428572,Long,3
2025-10-21 14:27:00+00:00,TMUS,0.5875,Long,3
2025-10-21 17:00:00+00:00,TMUS,0.6111111111111112,Long,3
2025-10-21 17:47:00+00:00,TMUS,0.47000000000000003,Long,3
2025-10-21 20:40:00+00:00,TMUS,0.4818181818181818,Long,3
2025-10-22 09:20:10+00:00,TMUS,0.48333333333333334,Long,3
2025-10-22 13:52:00+00:00,TMUS,0.4846153846153846,Long,3
2025-10-22 20:22:00+00:00,TMUS,0.5071428571428572,Long,3
2025-10-22 21:40:46+00:00,TMUS,0.5266666666666667,Long,3
2025-10-23 02:35:37+00:00,TMUS,0.53125,Long,3
2025-10-22 12:10:02+00:00,TRI,0.8,Long,3
2025-10-22 00:00:00+00:00,TSLA,0.1,Neutral,3
2025-10-22 12:19:16+00:00,TSLA,0.15000000000000002,Long,3
2025-10-22 17:08:16+00:00,TSLA,-0.06666666666666665,Neutral,3
2025-10-22 20:00:37+00:00,TSLA,-0.175,Short,3
2025-10-22 20:14:00+00:00,TSLA,-0.09999999999999999,Neutral,3
2025-10-22 21:56:57+00:00,TSLA,-0.11666666666666665,Short,3
2025-10-22 23:19:43+00:00,TSLA,-0.028571428571428564,Neutral,3
2025-10-22 23:30:21+00:00,TSLA,-0.09999999999999999,Neutral,3
2025-10-22 23:33:00+00:00,TSLA,-0.14444444444444443,Short,3
2025-10-22 23:41:12+00:00,TSLA,-0.2,Short,3
2025-10-23 00:28:50+00:00,TSLA,-0.23636363636363633,Short,3
2025-10-23 00:32:35+00:00,TSLA,-0.2833333333333333,Short,3
2025-10-23 00:50:00+00:00,TSLA,-0.3153846153846154,Short,3
2025-10-23 02:48:44+00:00,TSLA,-0.2785714285714286,Short,3
2025-10-23 03:07:00+00:00,TSLA,-0.24666666666666665,Short,3
2025-10-23 03:28:31+00:00,TSLA,-0.23124999999999998,Short,3
2025-10-23 04:00:00+00:00,TSLA,-0.2176470588235294,Short,3
2025-10-23 04:00:00+00:00,TSLA,-0.20555555555555555,Short,3
2025-10-23 05:00:44+00:00,TSLA,-0.15263157894736842,Short,3
2025-10-23 05:37:00+00:00,TSLA,-0.16999999999999998,Short,3
2025-10-16 12:55:00+00:00,TTD,0.5,Long,3
2025-10-16 20:01:00+00:00,TTD,0.25,Long,3
2025-10-17 10:09:01+00:00,TTD,0.2333333333333333,Long,3
2025-10-17 21:09:02+00:00,TTD,0.3,Long,3
2025-10-20 21:55:42+00:00,TTD,0.5,Long,3
2025-10-21 13:23:00+00:00,TTD,0.5,Long,3
2025-10-21 16:31:02+00:00,TTD,0.5,Long,3
2025-10-21 21:45:05+00:00,TTD,0.425,Long,3
2025-10-22 10:00:46+00:00,TTD,0.36,Long,3
2025-10-22 21:53:02+00:00,TTD,0.3833333333333333,Long,3
2025-10-16 20:41:10+00:00,TTWO,0.8,Long,3
2025-10-17 04:01:28+00:00,TTWO,0.65,Long,3
2025-10-19 14:00:29+00:00,TTWO,0.46666666666666673,Long,3
2025-10-22 12:49:27+00:00,TTWO,0.15000000000000002,Long,3
2025-10-22 21:50:02+00:00,TTWO,-0.19999999999999996,Short,3
2025-10-21 00:00:00+00:00,TXN,0.1,Neutral,3
2025-10-22 13:28:24+00:00,TXN,0.3,Long,3
2025-10-22 18:25:49+00:00,TXN,-0.0666666666666667,Neutral,3
2025-10-22 18:45:40+00:00,TXN,-0.25,Short,3
2025-10-22 19:09:35+00:00,TXN,-0.32,Short,3
2025-10-22 20:10:41+00:00,TXN,-0.35000000000000003,Short,3
2025-10-22 20:10:49+00:00,TXN,-0.37142857142857144,Short,3
2025-10-22 20:15:59+00:00,TXN,-0.3875,Short,3
2025-10-22 20:25:43+00:00,TXN,-0.4,Short,3
2025-10-22 20:35:08+00:00,TXN,-0.41,Short,3
2025-10-22 20:36:47+00:00,TXN,-0.43636363636363634,Short,3
2025-10-23 01:15:18+00:00,TXN,-0.35833333333333334,Short,3
2025-10-16 08:11:42+00:00,VRSK,0.5,Long,3
2025-10-16 13:33:39+00:00,VRSK,0.35,Long,3
2025-10-16 16:00:57+00:00,VRSK,0.39999999999999997,Long,3
2025-10-16 16:26:00+00:00,VRSK,0.175,Long,3
2025-10-20 04:46:38+00:00,VRSK,0.5,Long,3
2025-10-21 02:11:06+00:00,VRSK,0.35,Long,3
2025-10-21 06:08:06+00:00,VRSK,0.39999999999999997,Long,3
2025-10-21 09:52:55+00:00,VRSK,0.5,Long,3
2025-10-22 13:19:04+00:00,VRSK,0.44000000000000006,Long,3
2025-10-22 14:00:34+00:00,VRSK,0.45,Long,3
2025-10-16 17:36:38+00:00,VRTX,0.5,Long,3
2025-10-17 11:32:50+00:00,VRTX,0.65,Long,3
2025-10-17 13:04:00+00:00,VRTX,0.6,Long,3
2025-10-17 21:50:03+00:00,VRTX,0.575,Long,3
2025-10-18 06:08:18+00:00,VRTX,0.5,Long,3
2025-10-19 08:52:00+00:00,VRTX,0.5,Long,3
2025-10-22 13:00:04+00:00,VRTX,0.5,Long,3
2025-10-23 02:35:45+00:00,VRTX,0.65,Long,3
2025-10-21 13:20:15+00:00,WBD,0.8,Long,3
2025-10-21 21:18:15+00:00,WBD,0.65,Long,3
2025-10-21 22:45:47+00:00,WBD,0.20000000000000004,Long,3
2025-10-22 01:00:00+00:00,WBD,0.025000000000000022,Neutral,3
2025-10-22 10:10:53+00:00,WBD,0.12000000000000002,Long,3
2025-10-22 10:37:59+00:00,WBD,0.11666666666666668,Long,3
2025-10-22 10:45:00+00:00,WBD,0.17142857142857146,Long,3
2025-10-22 14:30:00+00:00,WBD,0.08750000000000001,Neutral,3
2025-10-22 15:06:56+00:00,WBD,0.02222222222222223,Neutral,3
2025-10-22 17:59:20+00:00,WBD,0.07,Neutral,3
2025-10-22 18:47:22+00:00,WBD,0.11818181818181818,Long,3
2025-10-22 19:19:20+00:00,WBD,0.05833333333333334,Neutral,3
2025-10-22 19:35:48+00:00,WBD,0.06923076923076923,Neutral,3
2025-10-22 20:26:12+00:00,WBD,0.07857142857142858,Neutral,3
2025-10-23 00:10:24+00:00,WBD,0.10666666666666667,Long,3
2025-10-23 00:42:00+00:00,WBD,0.06875,Neutral,3
2025-10-23 02:31:03+00:00,WBD,0.017647058823529415,Neutral,3
2025-10-16 11:38:13+00:00,WDAY,0.5,Long,3
2025-10-16 13:00:00+00:00,WDAY,0.55,Long,3
2025-10-16 17:38:19+00:00,WDAY,0.5333333333333333,Long,3
2025-10-17 16:25:08+00:00,WDAY,0.45,Long,3
2025-10-21 11:35:36+00:00,WDAY,0.5,Long,3
2025-10-21 11:38:01+00:00,WDAY,0.5,Long,3
2025-10-21 13:00:00+00:00,WDAY,0.5,Long,3
2025-10-21 13:00:04+00:00,WDAY,0.5,Long,3
2025-10-21 16:06:00+00:00,WDAY,0.5,Long,3
2025-10-22 00:08:38+00:00,WDAY,0.45,Long,3
2025-10-22 12:02:00+00:00,WDAY,0.4571428571428572,Long,3
2025-10-22 12:54:00+00:00,WDAY,0.4625,Long,3
2025-10-22 13:00:00+00:00,WDAY,0.4666666666666667,Long,3
2025-10-22 13:15:00+00:00,WDAY,0.5,Long,3
2025-10-22 17:05:02+00:00,WDAY,0.5,Long,3
2025-10-22 18:56:00+00:00,WDAY,0.5,Long,3
2025-10-22 19:40:00+00:00,WDAY,0.5,Long,3
2025-10-23 00:00:00+00:00,WDAY,0.5,Long,3
2025-10-16 13:15:52+00:00,XEL,0.2,Long,3
2025-10-16 18:15:09+00:00,XEL,0.35,Long,3
2025-10-16 20:30:00+00:00,XEL,0.39999999999999997,Long,3
2025-10-21 14:00:00+00:00,XEL,0.5,Long,3
2025-10-21 17:51:00+00:00,XEL,0.5,Long,3
2025-10-16 11:46:00+00:00,ZS,0.5,Long,3
2025-10-16 18:13:00+00:00,ZS,0.5,Long,3
2025-10-17 03:31:47+00:00,ZS,0.3666666666666667,Long,3
2025-10-17 16:23:24+00:00,ZS,0.4,Long,3
2025-10-20 11:38:07+00:00,ZS,0.5,Long,3
2025-10-20 21:45:06+00:00,ZS,0.5,Long,3
2025-10-22 13:00:02+00:00,ZS,0.5,Long,3
2025-10-22 21:20:39+00:00,ZS,0.5,Long,3
2025-10-23 07:01:00+00:00,ZS,0.3,Long,3
