timestamp,ticker,agg_score,signal,window
2026-07-17 09:30:07+00:00,AAPL,0.2,Long,5
2026-07-22 11:00:00+00:00,AAPL,-0.5,Short,5
2026-07-22 17:31:58+00:00,AAPL,0.15000000000000002,Long,5
2026-07-22 17:35:33+00:00,AAPL,-0.06666666666666665,Neutral,5
2026-07-22 18:09:00+00:00,AAPL,0.07500000000000001,Neutral,5
2026-07-22 18:12:05+00:00,AAPL,-0.039999999999999994,Neutral,5
2026-07-22 18:17:00+00:00,AAPL,0.05000000000000001,Neutral,5
2026-07-22 18:38:00+00:00,AAPL,0.07142857142857142,Neutral,5
2026-07-22 21:02:59+00:00,AAPL,-0.012499999999999983,Neutral,5
2026-07-22 21:03:49+00:00,AAPL,0.04444444444444446,Neutral,5
2026-07-22 21:04:00+00:00,AAPL,-0.009999999999999986,Neutral,5
2026-07-22 21:04:27+00:00,AAPL,0.036363636363636376,Neutral,5
2026-07-22 21:08:12+00:00,AAPL,0.04166666666666668,Neutral,5
2026-07-23 00:16:30+00:00,AAPL,0.07692307692307693,Neutral,5
2026-07-23 01:34:00+00:00,AAPL,0.10714285714285714,Long,5
2026-07-23 05:15:00+00:00,AAPL,0.06666666666666667,Neutral,5
2026-07-16 13:00:06+00:00,ABNB,0.5,Long,5
2026-07-16 15:01:01+00:00,ABNB,0.0,Neutral,5
2026-07-17 00:36:10+00:00,ABNB,0.06666666666666667,Neutral,5
2026-07-17 10:38:22+00:00,ABNB,0.1,Neutral,5
2026-07-17 10:58:20+00:00,ABNB,0.18,Long,5
2026-07-17 21:50:02+00:00,ABNB,0.06666666666666667,Neutral,5
2026-07-19 17:40:55+00:00,ABNB,0.1285714285714286,Long,5
2026-07-20 02:53:01+00:00,ABNB,0.05,Neutral,5
2026-07-20 20:23:00+00:00,ABNB,0.1,Neutral,5
2026-07-21 13:11:21+00:00,ABNB,0.1,Neutral,5
2026-07-22 08:20:44+00:00,ABNB,0.2125,Long,5
2026-07-23 07:24:49+00:00,ABNB,0.25,Long,5
2026-07-17 00:00:00+00:00,ADBE,0.1,Neutral,5
2026-07-21 11:41:44+00:00,ADBE,0.3,Long,5
2026-07-21 13:09:43+00:00,ADBE,0.3666666666666667,Long,5
2026-07-21 13:25:13+00:00,ADBE,0.125,Long,5
2026-07-21 13:40:26+00:00,ADBE,0.13999999999999999,Long,5
2026-07-21 14:00:00+00:00,ADBE,0.25,Long,5
2026-07-21 14:16:00+00:00,ADBE,0.2857142857142857,Long,5
2026-07-21 18:46:59+00:00,ADBE,0.1875,Long,5
2026-07-21 23:18:26+00:00,ADBE,0.1111111111111111,Long,5
2026-07-22 02:03:00+00:00,ADBE,0.03333333333333334,Neutral,5
2026-07-22 02:30:00+00:00,ADBE,0.08,Neutral,5
2026-07-22 11:10:00+00:00,ADBE,0.07272727272727274,Neutral,5
2026-07-22 12:00:00+00:00,ADBE,0.05000000000000001,Neutral,5
2026-07-22 17:10:08+00:00,ADBE,0.1076923076923077,Long,5
2026-07-22 17:24:00+00:00,ADBE,0.0642857142857143,Neutral,5
2026-07-22 18:20:01+00:00,ADBE,0.026666666666666675,Neutral,5
2026-07-22 18:34:45+00:00,ADBE,-0.006249999999999992,Neutral,5
2026-07-16 12:19:45+00:00,ADI,0.5,Long,5
2026-07-16 22:15:04+00:00,ADI,0.0,Neutral,5
2026-07-17 13:40:50+00:00,ADI,0.06666666666666667,Neutral,5
2026-07-21 12:30:26+00:00,ADI,0.16666666666666666,Long,5
2026-07-21 22:00:03+00:00,ADI,0.25,Long,5
2026-07-22 07:10:04+00:00,ADI,0.5,Long,5
2026-07-16 12:10:00+00:00,ADP,0.5,Long,5
2026-07-19 18:00:00+00:00,ADP,0.5,Long,5
2026-07-21 12:15:00+00:00,ADP,0.25,Long,5
2026-07-22 14:00:08+00:00,ADP,0.3333333333333333,Long,5
2026-07-22 19:39:12+00:00,ADP,0.3,Long,5
2026-07-23 08:13:01+00:00,ADP,0.13999999999999999,Long,5
2026-07-16 12:48:50+00:00,ADSK,0.5,Long,5
2026-07-16 14:03:47+00:00,ADSK,0.5,Long,5
2026-07-17 17:48:01+00:00,ADSK,0.39999999999999997,Long,5
2026-07-21 13:34:26+00:00,ADSK,0.26666666666666666,Long,5
2026-07-21 15:30:00+00:00,ADSK,0.26666666666666666,Long,5
2026-07-21 22:15:02+00:00,ADSK,0.15000000000000002,Long,5
2026-07-22 17:51:44+00:00,ADSK,0.225,Long,5
2026-07-16 11:57:18+00:00,AEP,0.2,Long,5
2026-07-17 15:08:00+00:00,AEP,0.35,Long,5
2026-07-17 16:57:39+00:00,AEP,0.5,Long,5
2026-07-19 03:17:41+00:00,AEP,0.425,Long,5
2026-07-20 17:40:00+00:00,AEP,0.44000000000000006,Long,5
2026-07-20 19:44:00+00:00,AEP,0.4666666666666666,Long,5
2026-07-20 22:30:00+00:00,AEP,0.39999999999999997,Long,5
2026-07-21 00:00:00+00:00,AEP,0.35,Long,5
2026-07-21 22:15:17+00:00,AEP,0.26249999999999996,Long,5
2026-07-22 02:10:17+00:00,AEP,0.2444444444444444,Long,5
2026-07-16 15:28:42+00:00,ALAB,0.6,Long,5
2026-07-16 21:37:04+00:00,ALAB,-0.10000000000000003,Short,5
2026-07-17 20:55:13+00:00,ALAB,-0.3333333333333333,Short,5
2026-07-18 02:08:32+00:00,ALAB,-0.12500000000000003,Short,5
2026-07-18 13:00:52+00:00,ALAB,0.019999999999999973,Neutral,5
2026-07-18 15:15:50+00:00,ALAB,0.03333333333333331,Neutral,5
2026-07-19 19:15:01+00:00,ALAB,0.09999999999999998,Neutral,5
2026-07-20 12:30:48+00:00,ALAB,0.16249999999999998,Long,5
2026-07-20 13:06:54+00:00,ALAB,0.16666666666666663,Long,5
2026-07-20 19:06:01+00:00,ALAB,0.16999999999999998,Long,5
2026-07-21 13:00:00+00:00,ALAB,0.20909090909090908,Long,5
2026-07-21 19:39:39+00:00,ALAB,0.19999999999999998,Long,5
2026-07-22 23:14:16+00:00,ALAB,0.43999999999999995,Long,5
2026-07-16 12:00:00+00:00,ALNY,0.0,Neutral,5
2026-07-16 13:06:17+00:00,ALNY,0.3,Long,5
2026-07-21 16:28:00+00:00,ALNY,0.5,Long,5
2026-07-17 14:30:21+00:00,AMAT,-0.5,Short,5
2026-07-17 20:29:00+00:00,AMAT,-0.15,Short,5
2026-07-17 20:46:01+00:00,AMAT,-0.26666666666666666,Short,5
2026-07-19 13:00:00+00:00,AMAT,-0.35,Short,5
2026-07-20 10:15:34+00:00,AMAT,-0.18,Short,5
2026-07-20 13:30:04+00:00,AMAT,-0.06666666666666667,Neutral,5
2026-07-20 17:01:00+00:00,AMAT,0.014285714285714282,Neutral,5
2026-07-20 21:45:03+00:00,AMAT,-0.05,Neutral,5
2026-07-21 08:57:00+00:00,AMAT,0.011111111111111108,Neutral,5
2026-07-21 14:51:00+00:00,AMAT,-0.05,Neutral,5
2026-07-21 14:53:00+00:00,AMAT,-0.02727272727272727,Neutral,5
2026-07-21 19:10:26+00:00,AMAT,0.016666666666666666,Neutral,5
2026-07-22 14:38:27+00:00,AMAT,0.075,Neutral,5
2026-07-22 14:54:00+00:00,AMAT,0.08461538461538462,Neutral,5
2026-07-22 14:59:00+00:00,AMAT,0.1142857142857143,Long,5
2026-07-21 22:15:42+00:00,AMD,0.6,Long,5
2026-07-21 22:30:37+00:00,AMD,0.7,Long,5
2026-07-22 16:59:58+00:00,AMD,0.7333333333333334,Long,5
2026-07-22 19:07:00+00:00,AMD,0.675,Long,5
2026-07-22 19:08:15+00:00,AMD,0.64,Long,5
2026-07-22 19:35:10+00:00,AMD,0.5333333333333333,Long,5
2026-07-22 19:53:36+00:00,AMD,0.5285714285714286,Long,5
2026-07-22 19:55:32+00:00,AMD,0.5625,Long,5
2026-07-22 19:57:59+00:00,AMD,0.5888888888888889,Long,5
2026-07-22 20:57:23+00:00,AMD,0.6100000000000001,Long,5
2026-07-22 21:02:17+00:00,AMD,0.6272727272727273,Long,5
2026-07-22 21:57:56+00:00,AMD,0.6166666666666667,Long,5
2026-07-22 22:10:44+00:00,AMD,0.6307692307692309,Long,5
2026-07-23 03:24:39+00:00,AMD,0.6214285714285716,Long,5
2026-07-23 06:50:00+00:00,AMD,0.5866666666666667,Long,5
2026-07-23 09:04:36+00:00,AMD,0.58125,Long,5
2026-07-16 13:19:54+00:00,AMGN,0.5,Long,5
2026-07-16 15:45:00+00:00,AMGN,0.5,Long,5
2026-07-16 16:10:03+00:00,AMGN,0.39999999999999997,Long,5
2026-07-16 19:42:00+00:00,AMGN,0.5,Long,5
2026-07-17 12:02:15+00:00,AMGN,0.5599999999999999,Long,5
2026-07-17 12:13:56+00:00,AMGN,0.5499999999999999,Long,5
2026-07-17 13:09:59+00:00,AMGN,0.5428571428571428,Long,5
2026-07-17 13:46:17+00:00,AMGN,0.55,Long,5
2026-07-17 15:05:33+00:00,AMGN,0.5111111111111111,Long,5
2026-07-20 12:35:53+00:00,AMGN,0.45999999999999996,Long,5
2026-07-20 22:12:00+00:00,AMGN,0.4636363636363636,Long,5
2026-07-22 04:29:20+00:00,AMGN,0.41250000000000003,Long,5
2026-07-22 13:06:30+00:00,AMGN,0.29999999999999993,Long,5
2026-07-22 13:17:27+00:00,AMGN,0.3,Long,5
2026-07-22 19:48:11+00:00,AMGN,0.13333333333333333,Long,5
2026-07-22 22:10:53+00:00,AMGN,0.1285714285714286,Long,5
2026-07-22 12:15:14+00:00,AMZN,0.2,Long,5
2026-07-22 14:38:49+00:00,AMZN,0.15000000000000002,Long,5
2026-07-22 18:44:46+00:00,AMZN,0.26666666666666666,Long,5
2026-07-22 18:57:00+00:00,AMZN,0.325,Long,5
2026-07-22 19:38:28+00:00,AMZN,0.1,Neutral,5
2026-07-22 19:56:08+00:00,AMZN,0.0,Neutral,5
2026-07-22 19:58:26+00:00,AMZN,0.07142857142857142,Neutral,5
2026-07-22 21:02:57+00:00,AMZN,0.0,Neutral,5
2026-07-22 21:45:02+00:00,AMZN,-0.05555555555555555,Neutral,5
2026-07-22 22:35:00+00:00,AMZN,0.0,Neutral,5
2026-07-22 22:48:29+00:00,AMZN,-0.045454545454545456,Neutral,5
2026-07-22 22:53:31+00:00,AMZN,-0.08333333333333333,Neutral,5
2026-07-22 23:52:32+00:00,AMZN,-0.12307692307692308,Short,5
2026-07-23 07:35:00+00:00,AMZN,-0.09999999999999999,Neutral,5
2026-07-16 10:35:07+00:00,APP,0.2,Long,5
2026-07-16 18:50:16+00:00,APP,0.2,Long,5
2026-07-17 12:07:53+00:00,APP,0.2,Long,5
2026-07-17 22:17:46+00:00,APP,0.025000000000000022,Neutral,5
2026-07-21 13:00:05+00:00,APP,0.10000000000000002,Long,5
2026-07-21 17:28:00+00:00,APP,0.12000000000000002,Long,5
2026-07-22 05:42:52+00:00,APP,-0.03999999999999998,Neutral,5
2026-07-22 07:10:02+00:00,APP,0.05000000000000002,Neutral,5
2026-07-22 20:06:12+00:00,APP,0.15000000000000002,Long,5
2026-07-22 21:45:03+00:00,APP,0.05714285714285716,Neutral,5
2026-07-16 11:27:30+00:00,ARM,0.2,Long,5
2026-07-16 15:16:24+00:00,ARM,0.0,Neutral,5
2026-07-16 17:13:21+00:00,ARM,0.06666666666666667,Neutral,5
2026-07-16 17:45:22+00:00,ARM,0.25,Long,5
2026-07-16 18:26:18+00:00,ARM,0.1,Neutral,5
2026-07-17 06:56:00+00:00,ARM,0.0,Neutral,5
2026-07-17 17:45:54+00:00,ARM,-0.1142857142857143,Short,5
2026-07-17 20:01:09+00:00,ARM,-0.1625,Short,5
2026-07-18 16:21:00+00:00,ARM,-0.07777777777777778,Neutral,5
2026-07-19 17:08:13+00:00,ARM,-0.010000000000000009,Neutral,5
2026-07-20 11:27:00+00:00,ARM,0.06363636363636363,Neutral,5
2026-07-20 17:07:00+00:00,ARM,0.125,Long,5
2026-07-21 14:21:14+00:00,ARM,0.15,Long,5
2026-07-21 17:30:53+00:00,ARM,0.20909090909090908,Long,5
2026-07-22 15:58:15+00:00,ARM,0.21111111111111114,Long,5
2026-07-16 13:44:43+00:00,ASML,0.2,Long,5
2026-07-20 12:00:00+00:00,ASML,0.1,Neutral,5
2026-07-20 13:31:10+00:00,ASML,0.26666666666666666,Long,5
2026-07-20 13:36:40+00:00,ASML,0.32499999999999996,Long,5
2026-07-20 14:08:24+00:00,ASML,0.38,Long,5
2026-07-20 14:43:20+00:00,ASML,0.45,Long,5
2026-07-20 16:06:20+00:00,ASML,0.4714285714285714,Long,5
2026-07-20 19:34:39+00:00,ASML,0.4375,Long,5
2026-07-20 20:30:02+00:00,ASML,0.36666666666666664,Long,5
2026-07-20 23:33:01+00:00,ASML,0.27999999999999997,Long,5
2026-07-21 03:09:20+00:00,ASML,0.20909090909090908,Long,5
2026-07-21 15:30:00+00:00,ASML,0.2636363636363636,Long,5
2026-07-21 16:09:00+00:00,ASML,0.3083333333333333,Long,5
2026-07-21 18:16:45+00:00,ASML,0.3230769230769231,Long,5
2026-07-21 18:23:46+00:00,ASML,0.33571428571428574,Long,5
2026-07-21 19:35:00+00:00,ASML,0.35333333333333333,Long,5
2026-07-22 04:29:31+00:00,ASML,0.3625,Long,5
2026-07-22 10:20:00+00:00,ASML,0.3764705882352941,Long,5
2026-07-22 10:26:25+00:00,ASML,0.3833333333333333,Long,5
2026-07-22 13:59:00+00:00,ASML,0.3894736842105263,Long,5
2026-07-22 14:52:00+00:00,ASML,0.39499999999999996,Long,5
2026-07-23 08:51:13+00:00,ASML,0.40476190476190477,Long,5
2026-07-21 20:09:09+00:00,AVGO,0.8,Long,5
2026-07-21 20:21:00+00:00,AVGO,0.65,Long,5
2026-07-21 22:04:33+00:00,AVGO,0.6,Long,5
2026-07-21 22:41:00+00:00,AVGO,0.575,Long,5
2026-07-22 11:18:20+00:00,AVGO,0.58,Long,5
2026-07-22 11:40:23+00:00,AVGO,0.5666666666666667,Long,5
2026-07-22 13:00:02+00:00,AVGO,0.5571428571428572,Long,5
2026-07-22 14:03:56+00:00,AVGO,0.5875,Long,5
2026-07-22 14:36:19+00:00,AVGO,0.5777777777777778,Long,5
2026-07-22 14:49:17+00:00,AVGO,0.54,Long,5
2026-07-22 15:09:24+00:00,AVGO,0.5,Long,5
2026-07-22 15:20:55+00:00,AVGO,0.47500000000000003,Long,5
2026-07-22 15:57:07+00:00,AVGO,0.5,Long,5
2026-07-22 16:30:36+00:00,AVGO,0.5214285714285715,Long,5
2026-07-22 22:04:04+00:00,AVGO,0.5,Long,5
2026-07-22 22:32:21+00:00,AVGO,0.5,Long,5
2026-07-16 13:30:03+00:00,AXON,0.5,Long,5
2026-07-21 16:35:16+00:00,AXON,0.8,Long,5
2026-07-21 22:00:06+00:00,AXON,0.15000000000000002,Long,5
2026-07-22 13:00:04+00:00,AXON,0.26666666666666666,Long,5
2026-07-22 13:12:03+00:00,AXON,0.4,Long,5
2026-07-22 15:39:00+00:00,AXON,0.34,Long,5
2026-07-22 20:01:00+00:00,AXON,0.2833333333333334,Long,5
2026-07-22 20:11:05+00:00,AXON,0.31428571428571433,Long,5
2026-07-22 22:11:53+00:00,AXON,0.35,Long,5
2026-07-23 07:12:35+00:00,AXON,0.3333333333333333,Long,5
2026-07-17 02:44:00+00:00,BKNG,0.5,Long,5
2026-07-17 13:21:46+00:00,BKNG,0.35,Long,5
2026-07-17 22:00:06+00:00,BKNG,0.06666666666666667,Neutral,5
2026-07-18 03:18:00+00:00,BKNG,0.175,Long,5
2026-07-20 00:00:00+00:00,BKNG,0.24,Long,5
2026-07-20 12:39:56+00:00,BKNG,0.2333333333333333,Long,5
2026-07-21 11:21:00+00:00,BKNG,0.2714285714285714,Long,5
2026-07-21 14:18:43+00:00,BKNG,0.175,Long,5
2026-07-22 08:01:00+00:00,BKNG,0.175,Long,5
2026-07-22 12:00:46+00:00,BKNG,0.2111111111111111,Long,5
2026-07-23 02:00:00+00:00,BKNG,0.33749999999999997,Long,5
2026-07-16 10:12:09+00:00,BKR,0.8,Long,5
2026-07-16 12:45:00+00:00,BKR,0.65,Long,5
2026-07-16 13:27:44+00:00,BKR,0.6,Long,5
2026-07-16 14:15:00+00:00,BKR,0.5,Long,5
2026-07-16 19:12:44+00:00,BKR,0.3,Long,5
2026-07-17 09:00:35+00:00,BKR,0.3333333333333333,Long,5
2026-07-18 00:01:00+00:00,BKR,0.35714285714285715,Long,5
2026-07-20 11:00:00+00:00,BKR,0.325,Long,5
2026-07-20 20:57:23+00:00,BKR,0.23333333333333334,Long,5
2026-07-21 13:15:07+00:00,BKR,0.125,Long,5
2026-07-22 14:52:01+00:00,BKR,0.18,Long,5
2026-07-22 14:55:00+00:00,BKR,0.2333333333333333,Long,5
2026-07-16 13:30:54+00:00,CCEP,0.8,Long,5
2026-07-16 17:10:00+00:00,CDNS,0.6,Long,5
2026-07-17 00:00:00+00:00,CDNS,0.55,Long,5
2026-07-17 13:00:30+00:00,CDNS,0.19999999999999998,Long,5
2026-07-17 15:35:35+00:00,CDNS,0.024999999999999994,Neutral,5
2026-07-17 16:28:24+00:00,CDNS,-0.08,Neutral,5
2026-07-17 21:45:46+00:00,CDNS,-0.15,Short,5
2026-07-20 15:21:38+00:00,CDNS,-0.042857142857142864,Neutral,5
2026-07-20 15:40:04+00:00,CDNS,-0.012500000000000004,Neutral,5
2026-07-21 14:22:14+00:00,CDNS,0.011111111111111108,Neutral,5
2026-07-22 00:18:03+00:00,CDNS,-0.1,Neutral,5
2026-07-22 21:50:05+00:00,CDNS,0.12000000000000002,Long,5
2026-07-16 17:43:56+00:00,CEG,0.5,Long,5
2026-07-16 19:38:23+00:00,CEG,-0.04999999999999999,Neutral,5
2026-07-16 19:56:07+00:00,CEG,0.13333333333333333,Long,5
2026-07-16 21:45:05+00:00,CEG,-0.024999999999999994,Neutral,5
2026-07-17 14:27:00+00:00,CEG,0.08,Neutral,5
2026-07-18 14:30:36+00:00,CEG,-0.016666666666666663,Neutral,5
2026-07-19 15:04:08+00:00,CEG,0.05714285714285715,Neutral,5
2026-07-20 14:15:00+00:00,CEG,0.07500000000000001,Neutral,5
2026-07-21 10:05:00+00:00,CEG,0.12222222222222223,Long,5
2026-07-21 11:37:18+00:00,CEG,0.19,Long,5
2026-07-21 13:37:03+00:00,CEG,0.19090909090909092,Long,5
2026-07-21 14:37:00+00:00,CEG,0.21666666666666667,Long,5
2026-07-21 17:00:09+00:00,CEG,0.23846153846153847,Long,5
2026-07-21 17:36:00+00:00,CEG,0.23571428571428574,Long,5
2026-07-22 13:00:06+00:00,CEG,0.32727272727272727,Long,5
2026-07-22 14:30:55+00:00,CEG,0.35454545454545455,Long,5
2026-07-22 19:50:00+00:00,CEG,0.34166666666666673,Long,5
2026-07-22 20:21:44+00:00,CEG,0.36153846153846153,Long,5
2026-07-22 22:34:17+00:00,CEG,0.39285714285714285,Long,5
2026-07-19 04:14:32+00:00,CMCSA,0.5,Long,5
2026-07-20 08:25:17+00:00,CMCSA,0.65,Long,5
2026-07-20 09:43:33+00:00,CMCSA,0.5,Long,5
2026-07-20 13:00:00+00:00,CMCSA,0.525,Long,5
2026-07-20 13:15:07+00:00,CMCSA,0.52,Long,5
2026-07-20 14:00:00+00:00,CMCSA,0.5333333333333333,Long,5
2026-07-20 15:11:35+00:00,CMCSA,0.5285714285714286,Long,5
2026-07-20 16:43:17+00:00,CMCSA,0.5625,Long,5
2026-07-20 20:05:00+00:00,CMCSA,0.4444444444444444,Long,5
2026-07-21 15:47:00+00:00,CMCSA,0.42000000000000004,Long,5
2026-07-21 20:17:00+00:00,CMCSA,0.4272727272727273,Long,5
2026-07-22 07:02:27+00:00,CMCSA,0.4083333333333334,Long,5
2026-07-22 11:11:27+00:00,CMCSA,0.39230769230769236,Long,5
2026-07-22 13:26:08+00:00,CMCSA,0.3642857142857143,Long,5
2026-07-22 17:46:00+00:00,CMCSA,0.37333333333333335,Long,5
2026-07-22 20:33:00+00:00,CMCSA,0.3625,Long,5
2026-07-17 06:33:53+00:00,COST,-0.6,Short,5
2026-07-17 16:56:39+00:00,COST,0.0,Neutral,5
2026-07-18 14:38:55+00:00,COST,0.26666666666666666,Long,5
2026-07-18 17:00:04+00:00,COST,0.25,Long,5
2026-07-19 14:28:52+00:00,COST,0.36,Long,5
2026-07-20 11:20:00+00:00,COST,0.21666666666666667,Long,5
2026-07-20 12:45:20+00:00,COST,0.2571428571428572,Long,5
2026-07-20 13:00:05+00:00,COST,0.2875,Long,5
2026-07-20 13:00:33+00:00,COST,0.3111111111111111,Long,5
2026-07-20 13:00:38+00:00,COST,0.36,Long,5
2026-07-20 13:27:00+00:00,COST,0.3727272727272727,Long,5
2026-07-20 15:32:00+00:00,COST,0.39166666666666666,Long,5
2026-07-20 16:30:04+00:00,COST,0.37692307692307697,Long,5
2026-07-20 23:17:00+00:00,COST,0.35714285714285715,Long,5
2026-07-21 00:17:39+00:00,COST,0.36666666666666664,Long,5
2026-07-21 09:03:00+00:00,COST,0.375,Long,5
2026-07-21 12:25:00+00:00,COST,0.388235294117647,Long,5
2026-07-21 15:53:00+00:00,COST,0.4,Long,5
2026-07-21 15:56:01+00:00,COST,0.38947368421052636,Long,5
2026-07-21 18:34:00+00:00,COST,0.41,Long,5
2026-07-21 18:38:39+00:00,COST,0.3666666666666667,Long,5
2026-07-21 19:01:30+00:00,COST,0.35454545454545455,Long,5
2026-07-21 20:05:00+00:00,COST,0.36086956521739133,Long,5
2026-07-21 20:09:00+00:00,COST,0.3666666666666667,Long,5
2026-07-21 22:53:55+00:00,COST,0.36,Long,5
2026-07-22 09:39:05+00:00,COST,0.408,Long,5
2026-07-22 10:36:00+00:00,COST,0.4115384615384615,Long,5
2026-07-22 13:00:02+00:00,COST,0.37777777777777777,Long,5
2026-07-22 14:23:00+00:00,COST,0.36428571428571427,Long,5
2026-07-22 14:42:48+00:00,COST,0.35517241379310344,Long,5
2026-07-22 23:17:00+00:00,COST,0.33793103448275863,Long,5
2026-07-16 18:17:22+00:00,CPRT,1.0,Long,5
2026-07-17 22:15:04+00:00,CPRT,0.25,Long,5
2026-07-18 18:10:24+00:00,CPRT,-0.10000000000000002,Short,5
2026-07-20 09:27:33+00:00,CPRT,0.04999999999999999,Neutral,5
2026-07-22 12:55:57+00:00,CPRT,-0.15000000000000002,Short,5
2026-07-21 11:00:02+00:00,CRWD,0.8,Long,5
2026-07-21 18:49:13+00:00,CRWD,0.5,Long,5
2026-07-21 19:44:05+00:00,CRWD,0.16666666666666666,Long,5
2026-07-21 21:45:02+00:00,CRWD,0.07500000000000001,Neutral,5
2026-07-21 22:54:26+00:00,CRWD,-0.039999999999999994,Neutral,5
2026-07-22 03:21:07+00:00,CRWD,-0.01666666666666666,Neutral,5
2026-07-22 09:26:27+00:00,CRWD,0.014285714285714294,Neutral,5
2026-07-22 13:25:00+00:00,CRWD,0.08750000000000001,Neutral,5
2026-07-22 15:40:00+00:00,CRWD,0.16666666666666666,Long,5
2026-07-22 16:11:00+00:00,CRWD,0.2,Long,5
2026-07-22 19:57:22+00:00,CRWD,0.2545454545454546,Long,5
2026-07-22 21:57:44+00:00,CRWD,0.275,Long,5
2026-07-23 09:03:47+00:00,CRWD,0.30000000000000004,Long,5
2026-07-21 15:45:19+00:00,CRWV,0.8,Long,5
2026-07-21 16:16:20+00:00,CRWV,0.8,Long,5
2026-07-21 18:53:28+00:00,CRWV,0.8,Long,5
2026-07-22 12:00:00+00:00,CRWV,0.7250000000000001,Long,5
2026-07-22 12:44:01+00:00,CRWV,0.4800000000000001,Long,5
2026-07-22 14:06:49+00:00,CRWV,0.4833333333333334,Long,5
2026-07-22 14:14:05+00:00,CRWV,0.5,Long,5
2026-07-22 14:37:13+00:00,CRWV,0.5,Long,5
2026-07-22 14:58:04+00:00,CRWV,0.5,Long,5
2026-07-22 15:17:07+00:00,CRWV,0.51,Long,5
2026-07-22 17:14:02+00:00,CRWV,0.5181818181818182,Long,5
2026-07-22 19:12:13+00:00,CRWV,0.5166666666666667,Long,5
2026-07-22 20:13:52+00:00,CRWV,0.5384615384615384,Long,5
2026-07-22 21:05:05+00:00,CRWV,0.5357142857142857,Long,5
2026-07-23 04:16:35+00:00,CRWV,0.5533333333333333,Long,5
2026-07-17 15:47:43+00:00,CSCO,0.1,Neutral,5
2026-07-17 20:11:17+00:00,CSCO,-0.3,Short,5
2026-07-18 14:09:17+00:00,CSCO,-0.19999999999999998,Short,5
2026-07-20 12:30:00+00:00,CSCO,-0.024999999999999994,Neutral,5
2026-07-20 13:00:04+00:00,CSCO,0.020000000000000007,Neutral,5
2026-07-20 13:30:04+00:00,CSCO,0.10000000000000002,Long,5
2026-07-20 13:40:03+00:00,CSCO,0.1142857142857143,Long,5
2026-07-20 14:30:51+00:00,CSCO,0.1625,Long,5
2026-07-20 16:09:03+00:00,CSCO,0.2,Long,5
2026-07-20 21:45:04+00:00,CSCO,0.13,Long,5
2026-07-20 23:37:00+00:00,CSCO,0.16363636363636364,Long,5
2026-07-21 17:21:00+00:00,CSCO,0.19999999999999998,Long,5
2026-07-21 17:42:26+00:00,CSCO,0.14615384615384613,Long,5
2026-07-22 08:50:00+00:00,CSCO,0.19285714285714287,Long,5
2026-07-22 13:01:11+00:00,CSCO,0.14666666666666667,Long,5
2026-07-22 13:20:00+00:00,CSCO,0.16875,Long,5
2026-07-22 14:00:00+00:00,CSCO,0.18823529411764706,Long,5
2026-07-22 19:26:17+00:00,CSCO,0.18823529411764706,Long,5
2026-07-17 18:34:14+00:00,CSX,0.2,Long,5
2026-07-17 20:02:00+00:00,CSX,0.1,Neutral,5
2026-07-20 13:15:03+00:00,CSX,0.13333333333333333,Long,5
2026-07-20 13:40:03+00:00,CSX,0.225,Long,5
2026-07-20 13:41:00+00:00,CSX,0.27999999999999997,Long,5
2026-07-21 04:22:26+00:00,CSX,0.31666666666666665,Long,5
2026-07-21 12:10:03+00:00,CSX,0.34285714285714286,Long,5
2026-07-22 00:00:00+00:00,CSX,0.3,Long,5
2026-07-22 11:51:56+00:00,CSX,0.2111111111111111,Long,5
2026-07-22 17:32:22+00:00,CSX,0.2,Long,5
2026-07-22 20:02:00+00:00,CSX,0.2,Long,5
2026-07-22 20:14:25+00:00,CSX,0.26,Long,5
2026-07-22 20:29:08+00:00,CSX,0.19090909090909092,Long,5
2026-07-22 20:48:12+00:00,CSX,0.17500000000000002,Long,5
2026-07-22 21:09:18+00:00,CSX,0.2,Long,5
2026-07-22 21:15:02+00:00,CSX,0.24285714285714288,Long,5
2026-07-22 22:05:46+00:00,CSX,0.22666666666666668,Long,5
2026-07-22 22:30:03+00:00,CSX,0.225,Long,5
2026-07-23 05:01:32+00:00,CSX,0.25882352941176473,Long,5
2026-07-16 10:47:00+00:00,CTAS,0.0,Neutral,5
2026-07-16 12:30:00+00:00,CTAS,0.4,Long,5
2026-07-16 13:33:54+00:00,CTAS,0.3,Long,5
2026-07-16 13:40:02+00:00,CTAS,0.25,Long,5
2026-07-16 15:12:31+00:00,CTAS,0.36,Long,5
2026-07-16 15:15:11+00:00,CTAS,0.3833333333333333,Long,5
2026-07-16 18:59:00+00:00,CTAS,0.4428571428571429,Long,5
2026-07-18 21:11:03+00:00,CTAS,0.45,Long,5
2026-07-20 12:50:00+00:00,CTAS,0.48888888888888893,Long,5
2026-07-21 12:30:01+00:00,CTAS,0.5125000000000001,Long,5
2026-07-22 13:30:48+00:00,CTAS,0.47500000000000003,Long,5
2026-07-17 18:59:31+00:00,DASH,0.2,Long,5
2026-07-20 13:14:20+00:00,DASH,0.4,Long,5
2026-07-20 17:20:00+00:00,DASH,0.4333333333333333,Long,5
2026-07-20 17:55:00+00:00,DASH,0.44999999999999996,Long,5
2026-07-20 23:00:16+00:00,DASH,0.52,Long,5
2026-07-21 06:10:53+00:00,DASH,0.5166666666666667,Long,5
2026-07-21 07:10:29+00:00,DASH,0.35714285714285715,Long,5
2026-07-21 10:48:00+00:00,DASH,0.375,Long,5
2026-07-21 12:30:00+00:00,DASH,0.3888888888888889,Long,5
2026-07-21 13:11:56+00:00,DASH,0.4,Long,5
2026-07-21 15:10:18+00:00,DASH,0.38181818181818183,Long,5
2026-07-21 16:12:00+00:00,DASH,0.39166666666666666,Long,5
2026-07-21 16:24:52+00:00,DASH,0.4230769230769231,Long,5
2026-07-22 10:00:00+00:00,DASH,0.42857142857142855,Long,5
2026-07-22 12:42:23+00:00,DASH,0.4533333333333333,Long,5
2026-07-22 14:00:00+00:00,DASH,0.45625,Long,5
2026-07-22 20:14:00+00:00,DASH,0.475,Long,5
2026-07-22 21:00:43+00:00,DASH,0.4588235294117647,Long,5
2026-07-20 20:27:34+00:00,DDOG,0.5,Long,5
2026-07-20 21:10:43+00:00,DDOG,0.65,Long,5
2026-07-21 12:45:45+00:00,DDOG,0.6333333333333333,Long,5
2026-07-21 13:00:00+00:00,DDOG,0.625,Long,5
2026-07-21 15:18:41+00:00,DDOG,0.36,Long,5
2026-07-21 18:54:26+00:00,DDOG,0.3,Long,5
2026-07-21 21:45:02+00:00,DDOG,0.18571428571428572,Long,5
2026-07-22 12:00:00+00:00,DDOG,0.2375,Long,5
2026-07-22 12:31:00+00:00,DDOG,0.26666666666666666,Long,5
2026-07-22 13:56:00+00:00,DDOG,0.3,Long,5
2026-07-22 20:12:35+00:00,DDOG,0.2818181818181818,Long,5
2026-07-23 02:00:01+00:00,DDOG,0.27499999999999997,Long,5
2026-07-23 07:11:55+00:00,DDOG,0.2692307692307692,Long,5
2026-07-16 11:40:01+00:00,DXCM,0.1,Neutral,5
2026-07-21 11:02:26+00:00,DXCM,0.15000000000000002,Long,5
2026-07-21 13:40:04+00:00,DXCM,0.15000000000000002,Long,5
2026-07-22 21:15:00+00:00,DXCM,0.26666666666666666,Long,5
2026-07-16 15:05:00+00:00,EA,0.6,Long,5
2026-07-17 12:04:18+00:00,EA,0.55,Long,5
2026-07-17 13:20:11+00:00,EA,0.5333333333333333,Long,5
2026-07-17 14:10:42+00:00,EA,0.25,Long,5
2026-07-17 15:00:00+00:00,EA,0.36,Long,5
2026-07-17 19:44:12+00:00,EA,0.21666666666666667,Long,5
2026-07-17 21:11:25+00:00,EA,0.21428571428571427,Long,5
2026-07-18 18:06:01+00:00,EA,0.21250000000000002,Long,5
2026-07-21 19:30:01+00:00,EA,0.1625,Long,5
2026-07-21 15:40:03+00:00,EXC,0.5,Long,5
2026-07-21 16:00:01+00:00,EXC,0.55,Long,5
2026-07-17 20:28:09+00:00,FANG,-0.8,Short,5
2026-07-17 22:15:05+00:00,FANG,-0.15000000000000002,Short,5
2026-07-21 16:24:45+00:00,FANG,0.16666666666666666,Long,5
2026-07-21 17:44:34+00:00,FANG,0.25,Long,5
2026-07-16 12:21:41+00:00,FAST,0.2,Long,5
2026-07-16 21:11:40+00:00,FAST,0.35,Long,5
2026-07-17 08:08:40+00:00,FAST,0.39999999999999997,Long,5
2026-07-17 11:44:19+00:00,FAST,0.35,Long,5
2026-07-17 12:07:25+00:00,FAST,0.27999999999999997,Long,5
2026-07-17 16:10:54+00:00,FAST,0.26666666666666666,Long,5
2026-07-17 19:10:50+00:00,FAST,0.2571428571428572,Long,5
2026-07-17 21:25:21+00:00,FAST,0.325,Long,5
2026-07-18 00:10:56+00:00,FAST,0.30000000000000004,Long,5
2026-07-18 11:00:00+00:00,FAST,0.27,Long,5
2026-07-18 16:47:04+00:00,FAST,0.2636363636363636,Long,5
2026-07-21 11:02:00+00:00,FAST,0.2916666666666667,Long,5
2026-07-21 14:59:45+00:00,FAST,0.2916666666666667,Long,5
2026-07-21 15:50:00+00:00,FAST,0.3076923076923077,Long,5
2026-07-21 15:51:00+00:00,FAST,0.32142857142857145,Long,5
2026-07-21 15:56:00+00:00,FAST,0.3333333333333333,Long,5
2026-07-21 16:01:00+00:00,FAST,0.28125,Long,5
2026-07-21 19:47:20+00:00,FAST,0.27058823529411763,Long,5
2026-07-22 13:15:01+00:00,FAST,0.2571428571428572,Long,5
2026-07-22 16:10:11+00:00,FAST,0.2733333333333334,Long,5
2026-07-20 13:31:00+00:00,FTNT,0.5,Long,5
2026-07-20 17:24:20+00:00,FTNT,0.55,Long,5
2026-07-20 20:34:02+00:00,FTNT,0.43333333333333335,Long,5
2026-07-21 13:00:00+00:00,FTNT,0.475,Long,5
2026-07-21 13:37:43+00:00,FTNT,0.5,Long,5
2026-07-21 14:29:36+00:00,FTNT,0.44999999999999996,Long,5
2026-07-21 18:14:21+00:00,FTNT,0.4714285714285714,Long,5
2026-07-21 21:26:11+00:00,FTNT,0.475,Long,5
2026-07-21 21:50:04+00:00,FTNT,0.36666666666666664,Long,5
2026-07-22 12:23:00+00:00,FTNT,0.41,Long,5
2026-07-22 17:08:00+00:00,FTNT,0.3909090909090909,Long,5
2026-07-22 22:12:00+00:00,FTNT,0.425,Long,5
2026-07-16 11:15:21+00:00,GEHC,0.5,Long,5
2026-07-17 14:26:00+00:00,GEHC,0.5,Long,5
2026-07-17 14:55:00+00:00,GEHC,0.3666666666666667,Long,5
2026-07-20 12:00:00+00:00,GEHC,0.425,Long,5
2026-07-21 14:48:00+00:00,GEHC,0.425,Long,5
2026-07-16 12:00:00+00:00,GILD,0.2,Long,5
2026-07-16 13:00:05+00:00,GILD,0.35,Long,5
2026-07-16 17:00:00+00:00,GILD,0.39999999999999997,Long,5
2026-07-17 16:54:54+00:00,GILD,0.425,Long,5
2026-07-17 22:00:04+00:00,GILD,0.24,Long,5
2026-07-21 12:56:06+00:00,GILD,0.3,Long,5
2026-07-21 14:00:00+00:00,GILD,0.3,Long,5
2026-07-21 14:00:00+00:00,GILD,0.3333333333333333,Long,5
2026-07-21 14:22:26+00:00,GILD,0.35714285714285715,Long,5
2026-07-21 20:05:00+00:00,GILD,0.2857142857142857,Long,5
2026-07-22 04:28:37+00:00,GILD,0.275,Long,5
2026-07-22 09:33:00+00:00,GILD,0.18888888888888888,Long,5
2026-07-22 20:38:45+00:00,GOOG,0.5,Long,5
2026-07-23 06:53:00+00:00,GOOG,-0.04999999999999999,Neutral,5
2026-07-23 08:31:00+00:00,GOOG,-0.2333333333333333,Short,5
2026-07-23 08:36:08+00:00,GOOG,-0.3,Short,5
2026-07-23 09:00:00+00:00,GOOG,-0.13999999999999999,Short,5
2026-07-22 00:00:00+00:00,GOOGL,0.0,Neutral,5
2026-07-22 15:51:13+00:00,GOOGL,0.05,Neutral,5
2026-07-22 22:37:55+00:00,GOOGL,0.19999999999999998,Long,5
2026-07-23 01:48:17+00:00,GOOGL,0.3,Long,5
2026-07-23 05:01:11+00:00,GOOGL,0.4,Long,5
2026-07-23 05:56:00+00:00,GOOGL,0.43333333333333335,Long,5
2026-07-23 06:03:04+00:00,GOOGL,0.4428571428571429,Long,5
2026-07-23 08:41:43+00:00,GOOGL,0.325,Long,5
2026-07-23 09:12:17+00:00,GOOGL,0.30000000000000004,Long,5
2026-07-17 08:48:00+00:00,HON,0.5,Long,5
2026-07-19 12:23:59+00:00,HON,0.35,Long,5
2026-07-20 07:00:00+00:00,HON,0.5,Long,5
2026-07-20 07:00:00+00:00,HON,0.575,Long,5
2026-07-20 10:03:13+00:00,HON,0.5599999999999999,Long,5
2026-07-20 13:15:04+00:00,HON,0.5499999999999999,Long,5
2026-07-20 15:41:00+00:00,HON,0.5,Long,5
2026-07-20 16:21:11+00:00,HON,0.5,Long,5
2026-07-20 16:23:46+00:00,HON,0.4555555555555555,Long,5
2026-07-21 15:40:02+00:00,HON,0.43,Long,5
2026-07-21 20:54:02+00:00,HON,0.4,Long,5
2026-07-21 21:28:03+00:00,HON,0.4083333333333334,Long,5
2026-07-22 00:54:08+00:00,HON,0.4153846153846154,Long,5
2026-07-22 02:10:28+00:00,HON,0.39999999999999997,Long,5
2026-07-22 04:28:39+00:00,HON,0.4266666666666667,Long,5
2026-07-22 13:30:50+00:00,HON,0.4266666666666667,Long,5
2026-07-22 17:06:37+00:00,HON,0.41250000000000003,Long,5
2026-07-22 18:21:51+00:00,HON,0.3941176470588235,Long,5
2026-07-17 12:00:00+00:00,HONA,0.0,Neutral,5
2026-07-20 15:06:21+00:00,HONA,0.25,Long,5
2026-07-20 20:23:57+00:00,HONA,-0.06666666666666665,Neutral,5
2026-07-21 14:07:25+00:00,HONA,0.07500000000000001,Neutral,5
2026-07-21 17:21:02+00:00,HONA,0.1,Neutral,5
2026-07-22 06:11:29+00:00,HONA,0.10000000000000002,Long,5
2026-07-22 12:11:26+00:00,HONA,0.23333333333333336,Long,5
2026-07-22 21:12:00+00:00,HONA,0.2285714285714286,Long,5
2026-07-22 12:15:38+00:00,INTC,0.5,Long,5
2026-07-22 18:00:39+00:00,INTC,0.5,Long,5
2026-07-22 18:05:11+00:00,INTC,0.5,Long,5
2026-07-22 18:51:34+00:00,INTC,0.425,Long,5
2026-07-22 20:34:00+00:00,INTC,0.24,Long,5
2026-07-22 21:49:17+00:00,INTC,0.2333333333333333,Long,5
2026-07-23 03:07:00+00:00,INTC,0.21428571428571427,Long,5
2026-07-23 07:29:30+00:00,INTC,0.2125,Long,5
2026-07-17 13:37:46+00:00,INTU,0.2,Long,5
2026-07-17 15:57:00+00:00,INTU,0.35,Long,5
2026-07-17 21:45:03+00:00,INTU,0.06666666666666667,Neutral,5
2026-07-20 13:38:53+00:00,INTU,0.2,Long,5
2026-07-20 14:29:00+00:00,INTU,0.25999999999999995,Long,5
2026-07-21 10:29:55+00:00,INTU,0.13333333333333333,Long,5
2026-07-21 11:20:23+00:00,INTU,0.04285714285714285,Neutral,5
2026-07-21 14:34:30+00:00,INTU,0.06249999999999999,Neutral,5
2026-07-21 14:58:11+00:00,INTU,0.1222222222222222,Long,5
2026-07-22 10:12:42+00:00,INTU,0.13,Long,5
2026-07-22 12:30:00+00:00,INTU,0.19090909090909092,Long,5
2026-07-22 14:22:27+00:00,INTU,0.21818181818181823,Long,5
2026-07-23 08:11:55+00:00,INTU,0.18000000000000002,Long,5
2026-07-16 21:27:11+00:00,ISRG,0.2,Long,5
2026-07-20 08:08:40+00:00,ISRG,-0.15,Short,5
2026-07-20 13:00:03+00:00,ISRG,-0.033333333333333326,Neutral,5
2026-07-20 13:35:01+00:00,ISRG,0.1,Neutral,5
2026-07-20 16:45:03+00:00,ISRG,0.24000000000000005,Long,5
2026-07-20 18:21:05+00:00,ISRG,0.23333333333333336,Long,5
2026-07-20 19:15:05+00:00,ISRG,0.2,Long,5
2026-07-21 12:49:50+00:00,ISRG,0.23750000000000002,Long,5
2026-07-21 14:23:45+00:00,ISRG,0.15555555555555556,Long,5
2026-07-21 18:43:03+00:00,ISRG,0.15000000000000002,Long,5
2026-07-21 20:11:00+00:00,ISRG,0.15454545454545457,Long,5
2026-07-22 11:21:50+00:00,ISRG,0.18181818181818182,Long,5
2026-07-22 15:06:00+00:00,ISRG,0.12500000000000003,Long,5
2026-07-22 16:03:00+00:00,ISRG,0.13076923076923078,Long,5
2026-07-22 16:04:00+00:00,ISRG,0.13571428571428573,Long,5
2026-07-22 16:05:00+00:00,ISRG,0.16000000000000003,Long,5
2026-07-22 18:12:19+00:00,ISRG,0.11875000000000002,Long,5
2026-07-22 20:32:42+00:00,ISRG,0.08235294117647061,Neutral,5
2026-07-22 20:54:00+00:00,ISRG,0.07777777777777779,Neutral,5
2026-07-23 03:31:06+00:00,ISRG,0.04210526315789475,Neutral,5
2026-07-16 19:08:37+00:00,KDP,-0.5,Short,5
2026-07-21 12:27:17+00:00,KDP,0.15000000000000002,Long,5
2026-07-21 15:38:44+00:00,KDP,0.3666666666666667,Long,5
2026-07-21 16:41:18+00:00,KDP,0.4,Long,5
2026-07-16 09:54:45+00:00,KHC,-0.5,Short,5
2026-07-17 09:21:46+00:00,KHC,-0.15,Short,5
2026-07-20 14:15:33+00:00,KHC,0.06666666666666667,Neutral,5
2026-07-21 08:00:00+00:00,KHC,0.175,Long,5
2026-07-21 12:47:34+00:00,KHC,0.425,Long,5
2026-07-21 13:00:00+00:00,KHC,0.5,Long,5
2026-07-21 13:40:03+00:00,KHC,0.45,Long,5
2026-07-21 13:58:26+00:00,KHC,0.31428571428571433,Long,5
2026-07-21 14:04:51+00:00,KHC,0.175,Long,5
2026-07-21 14:38:31+00:00,KHC,0.09999999999999999,Neutral,5
2026-07-21 16:44:00+00:00,KHC,0.10999999999999999,Long,5
2026-07-21 20:25:00+00:00,KHC,0.14545454545454545,Long,5
2026-07-22 09:11:15+00:00,KHC,0.09166666666666666,Neutral,5
2026-07-22 10:09:27+00:00,KHC,0.033333333333333326,Neutral,5
2026-07-22 11:00:00+00:00,KHC,0.0923076923076923,Neutral,5
2026-07-22 12:11:22+00:00,KHC,0.09999999999999999,Neutral,5
2026-07-22 15:19:48+00:00,KHC,0.05333333333333334,Neutral,5
2026-07-23 05:10:22+00:00,KHC,0.0625,Neutral,5
2026-07-16 16:13:57+00:00,KLAC,0.5,Long,5
2026-07-16 17:50:00+00:00,KLAC,0.25,Long,5
2026-07-17 11:36:33+00:00,KLAC,-0.06666666666666665,Neutral,5
2026-07-17 14:44:41+00:00,KLAC,0.07500000000000001,Neutral,5
2026-07-20 15:01:56+00:00,KLAC,0.16,Long,5
2026-07-21 02:10:42+00:00,KLAC,0.21666666666666667,Long,5
2026-07-21 14:00:19+00:00,KLAC,0.2571428571428572,Long,5
2026-07-21 20:54:26+00:00,KLAC,0.35000000000000003,Long,5
2026-07-22 15:02:28+00:00,KLAC,0.5599999999999999,Long,5
2026-07-22 22:00:03+00:00,KLAC,0.3833333333333333,Long,5
2026-07-17 12:17:34+00:00,LIN,-0.6,Short,5
2026-07-21 21:42:25+00:00,LIN,-0.55,Short,5
2026-07-22 10:00:00+00:00,LIN,-0.16666666666666666,Short,5
2026-07-22 15:35:16+00:00,LIN,0.033333333333333326,Neutral,5
2026-07-22 16:46:50+00:00,LIN,0.075,Neutral,5
2026-07-16 15:35:00+00:00,LITE,0.5,Long,5
2026-07-16 16:00:03+00:00,LITE,0.5,Long,5
2026-07-16 19:11:02+00:00,LITE,0.5333333333333333,Long,5
2026-07-17 13:24:00+00:00,LITE,0.525,Long,5
2026-07-17 18:53:51+00:00,LITE,0.45999999999999996,Long,5
2026-07-20 13:39:11+00:00,LITE,0.4666666666666666,Long,5
2026-07-20 16:57:27+00:00,LITE,0.5142857142857143,Long,5
2026-07-20 17:26:44+00:00,LITE,0.5125,Long,5
2026-07-20 20:12:14+00:00,LITE,0.5111111111111111,Long,5
2026-07-20 20:17:00+00:00,LITE,0.54,Long,5
2026-07-20 20:27:00+00:00,LITE,0.5090909090909091,Long,5
2026-07-21 12:22:07+00:00,LITE,0.5083333333333334,Long,5
2026-07-21 16:10:04+00:00,LITE,0.5363636363636364,Long,5
2026-07-21 16:35:00+00:00,LITE,0.5333333333333333,Long,5
2026-07-22 21:08:34+00:00,LITE,0.53,Long,5
2026-07-23 04:08:05+00:00,LITE,0.5272727272727273,Long,5
2026-07-20 06:00:00+00:00,LRCX,0.8,Long,5
2026-07-20 12:19:02+00:00,LRCX,0.8,Long,5
2026-07-20 13:11:12+00:00,LRCX,0.8,Long,5
2026-07-20 17:07:53+00:00,LRCX,0.7250000000000001,Long,5
2026-07-20 21:50:06+00:00,LRCX,0.54,Long,5
2026-07-21 07:39:00+00:00,LRCX,0.45,Long,5
2026-07-21 14:18:38+00:00,LRCX,0.4571428571428572,Long,5
2026-07-21 16:45:02+00:00,LRCX,0.475,Long,5
2026-07-22 13:30:04+00:00,LRCX,0.47777777777777775,Long,5
2026-07-22 14:00:25+00:00,LRCX,0.48,Long,5
2026-07-22 22:10:41+00:00,LRCX,0.45454545454545453,Long,5
2026-07-17 11:15:58+00:00,MAR,0.1,Neutral,5
2026-07-17 20:01:06+00:00,MAR,0.35,Long,5
2026-07-20 12:55:00+00:00,MAR,0.39999999999999997,Long,5
2026-07-20 16:43:33+00:00,MAR,0.35,Long,5
2026-07-21 04:12:04+00:00,MAR,0.38,Long,5
2026-07-21 12:00:00+00:00,MAR,0.39999999999999997,Long,5
2026-07-21 17:10:44+00:00,MAR,0.2714285714285714,Long,5
2026-07-22 01:10:21+00:00,MAR,0.15,Long,5
2026-07-22 12:45:00+00:00,MAR,0.16249999999999998,Long,5
2026-07-22 14:20:00+00:00,MAR,0.19999999999999998,Long,5
2026-07-16 12:00:00+00:00,MCHP,0.5,Long,5
2026-07-16 14:49:00+00:00,MCHP,0.55,Long,5
2026-07-16 16:10:03+00:00,MCHP,0.5333333333333333,Long,5
2026-07-16 23:05:22+00:00,MCHP,0.275,Long,5
2026-07-20 13:59:33+00:00,MCHP,0.32,Long,5
2026-07-20 17:43:00+00:00,MCHP,0.3,Long,5
2026-07-21 12:13:35+00:00,MCHP,0.25,Long,5
2026-07-22 23:13:22+00:00,MCHP,0.35,Long,5
2026-07-16 14:00:00+00:00,MDLZ,0.6,Long,5
2026-07-16 18:50:00+00:00,MDLZ,0.55,Long,5
2026-07-17 13:00:00+00:00,MDLZ,0.6333333333333333,Long,5
2026-07-17 13:45:46+00:00,MDLZ,0.525,Long,5
2026-07-20 15:32:55+00:00,MDLZ,0.54,Long,5
2026-07-21 14:00:20+00:00,MDLZ,0.5199999999999999,Long,5
2026-07-21 21:22:15+00:00,MDLZ,0.5199999999999999,Long,5
2026-07-22 15:07:00+00:00,MDLZ,0.44999999999999996,Long,5
2026-07-16 12:30:02+00:00,MELI,0.5,Long,5
2026-07-16 14:55:00+00:00,MELI,0.55,Long,5
2026-07-16 15:40:04+00:00,MELI,0.43333333333333335,Long,5
2026-07-17 21:50:05+00:00,MELI,0.2,Long,5
2026-07-19 07:35:00+00:00,MELI,0.26,Long,5
2026-07-19 09:32:00+00:00,MELI,0.3,Long,5
2026-07-19 11:09:02+00:00,MELI,0.2857142857142857,Long,5
2026-07-19 18:41:00+00:00,MELI,0.275,Long,5
2026-07-21 14:19:00+00:00,MELI,0.2875,Long,5
2026-07-21 22:30:00+00:00,MELI,0.32857142857142857,Long,5
2026-07-22 10:14:27+00:00,MELI,0.3125,Long,5
2026-07-22 14:46:00+00:00,MELI,0.3333333333333333,Long,5
2026-07-22 14:52:44+00:00,MELI,0.25,Long,5
2026-07-16 17:57:00+00:00,META,0.6,Long,5
2026-07-17 16:17:47+00:00,META,0.55,Long,5
2026-07-18 14:40:31+00:00,META,0.43333333333333335,Long,5
2026-07-21 19:05:24+00:00,META,0.033333333333333326,Neutral,5
2026-07-22 13:02:59+00:00,META,0.175,Long,5
2026-07-22 18:00:00+00:00,META,0.09999999999999999,Neutral,5
2026-07-22 18:28:57+00:00,META,0.24,Long,5
2026-07-22 18:32:02+00:00,META,0.11666666666666665,Long,5
2026-07-22 19:19:00+00:00,META,0.17142857142857143,Long,5
2026-07-22 19:43:02+00:00,META,0.0625,Neutral,5
2026-07-22 20:36:41+00:00,META,0.1111111111111111,Long,5
2026-07-22 21:22:14+00:00,META,0.11000000000000001,Long,5
2026-07-22 21:45:03+00:00,META,0.05454545454545454,Neutral,5
2026-07-23 01:37:00+00:00,META,0.09166666666666667,Neutral,5
2026-07-23 03:53:32+00:00,META,0.14615384615384613,Long,5
2026-07-23 04:16:38+00:00,META,0.15,Long,5
2026-07-16 21:13:51+00:00,MNST,0.1,Neutral,5
2026-07-17 16:56:23+00:00,MNST,0.1,Neutral,5
2026-07-20 09:11:33+00:00,MNST,0.2333333333333333,Long,5
2026-07-20 12:55:33+00:00,MNST,0.2,Long,5
2026-07-20 13:44:25+00:00,MNST,0.040000000000000015,Neutral,5
2026-07-20 14:12:46+00:00,MNST,-0.06666666666666665,Neutral,5
2026-07-20 15:16:43+00:00,MNST,0.02857142857142858,Neutral,5
2026-07-21 10:40:41+00:00,MNST,0.02500000000000001,Neutral,5
2026-07-22 11:25:16+00:00,MNST,0.11250000000000002,Long,5
2026-07-16 13:56:00+00:00,MPWR,0.5,Long,5
2026-07-16 14:17:22+00:00,MPWR,0.5,Long,5
2026-07-16 14:38:00+00:00,MPWR,0.39999999999999997,Long,5
2026-07-16 16:07:00+00:00,MPWR,0.425,Long,5
2026-07-16 16:10:04+00:00,MPWR,0.38,Long,5
2026-07-16 17:02:00+00:00,MPWR,0.35000000000000003,Long,5
2026-07-16 17:08:00+00:00,MPWR,0.37142857142857144,Long,5
2026-07-17 14:11:27+00:00,MPWR,0.3875,Long,5
2026-07-18 17:19:14+00:00,MPWR,0.35555555555555557,Long,5
2026-07-18 21:56:00+00:00,MPWR,0.37,Long,5
2026-07-21 17:00:19+00:00,MPWR,0.21666666666666667,Long,5
2026-07-21 17:13:00+00:00,MRVL,0.2,Long,5
2026-07-21 18:05:00+00:00,MRVL,0.35,Long,5
2026-07-21 19:12:00+00:00,MRVL,0.39999999999999997,Long,5
2026-07-21 19:21:43+00:00,MRVL,0.5,Long,5
2026-07-21 20:19:07+00:00,MRVL,0.5,Long,5
2026-07-22 13:26:46+00:00,MRVL,0.5166666666666667,Long,5
2026-07-22 14:02:00+00:00,MRVL,0.5142857142857143,Long,5
2026-07-22 14:15:46+00:00,MRVL,0.5125,Long,5
2026-07-22 14:31:00+00:00,MRVL,0.5111111111111111,Long,5
2026-07-22 16:00:44+00:00,MRVL,0.54,Long,5
2026-07-22 16:27:00+00:00,MRVL,0.5454545454545454,Long,5
2026-07-22 21:50:02+00:00,MRVL,0.5416666666666666,Long,5
2026-07-23 00:16:00+00:00,MRVL,0.5153846153846154,Long,5
2026-07-19 17:15:39+00:00,MSFT,-0.5,Short,5
2026-07-21 15:58:07+00:00,MSFT,-0.15,Short,5
2026-07-21 18:28:20+00:00,MSFT,-0.3666666666666667,Short,5
2026-07-22 18:58:32+00:00,MSFT,-0.12500000000000003,Short,5
2026-07-22 19:50:39+00:00,MSFT,0.019999999999999973,Neutral,5
2026-07-22 19:52:16+00:00,MSFT,0.11666666666666664,Long,5
2026-07-22 20:05:00+00:00,MSFT,0.1714285714285714,Long,5
2026-07-22 21:03:28+00:00,MSFT,0.21249999999999997,Long,5
2026-07-22 21:53:48+00:00,MSFT,0.2777777777777778,Long,5
2026-07-23 04:03:00+00:00,MSFT,0.30999999999999994,Long,5
2026-07-23 07:26:03+00:00,MSFT,0.3,Long,5
2026-07-20 00:00:00+00:00,MSTR,0.1,Neutral,5
2026-07-21 12:49:25+00:00,MSTR,0.1,Neutral,5
2026-07-21 13:11:23+00:00,MSTR,0.13333333333333333,Long,5
2026-07-21 15:07:50+00:00,MSTR,0.25,Long,5
2026-07-21 16:14:06+00:00,MSTR,0.36,Long,5
2026-07-21 17:29:13+00:00,MSTR,0.21666666666666667,Long,5
2026-07-22 02:02:33+00:00,MSTR,0.2571428571428572,Long,5
2026-07-22 07:31:35+00:00,MSTR,0.2875,Long,5
2026-07-22 11:25:36+00:00,MSTR,0.23333333333333334,Long,5
2026-07-22 16:01:03+00:00,MSTR,0.29000000000000004,Long,5
2026-07-22 16:12:10+00:00,MSTR,0.21818181818181823,Long,5
2026-07-22 16:19:36+00:00,MSTR,0.25,Long,5
2026-07-22 16:25:11+00:00,MSTR,0.2923076923076923,Long,5
2026-07-22 16:29:05+00:00,MSTR,0.3285714285714286,Long,5
2026-07-22 16:36:12+00:00,MSTR,0.26666666666666666,Long,5
2026-07-22 16:47:49+00:00,MSTR,0.2625,Long,5
2026-07-22 17:12:27+00:00,MSTR,0.25882352941176473,Long,5
2026-07-22 18:10:00+00:00,MSTR,0.21666666666666667,Long,5
2026-07-22 21:50:03+00:00,MSTR,0.17894736842105266,Long,5
2026-07-23 01:55:08+00:00,MSTR,0.18,Long,5
2026-07-18 02:58:30+00:00,MU,-0.2,Short,5
2026-07-22 17:31:55+00:00,MU,0.19999999999999998,Long,5
2026-07-22 17:52:00+00:00,MU,0.19999999999999998,Long,5
2026-07-22 17:52:52+00:00,MU,0.2,Long,5
2026-07-22 17:56:13+00:00,MU,0.2,Long,5
2026-07-22 19:00:00+00:00,MU,0.25,Long,5
2026-07-22 19:08:00+00:00,MU,0.1285714285714286,Long,5
2026-07-22 19:13:00+00:00,MU,0.1875,Long,5
2026-07-22 19:33:00+00:00,MU,0.23333333333333334,Long,5
2026-07-22 19:46:12+00:00,MU,0.22999999999999998,Long,5
2026-07-22 20:14:19+00:00,MU,0.21818181818181817,Long,5
2026-07-22 20:31:00+00:00,MU,0.24166666666666667,Long,5
2026-07-22 21:31:09+00:00,MU,0.26153846153846155,Long,5
2026-07-23 08:05:00+00:00,MU,0.31538461538461543,Long,5
2026-07-21 15:34:00+00:00,NBIS,0.6,Long,5
2026-07-21 16:23:33+00:00,NBIS,0.6,Long,5
2026-07-21 17:35:34+00:00,NBIS,0.5666666666666667,Long,5
2026-07-21 18:17:19+00:00,NBIS,0.625,Long,5
2026-07-21 18:49:01+00:00,NBIS,0.45999999999999996,Long,5
2026-07-21 19:46:00+00:00,NBIS,0.4666666666666666,Long,5
2026-07-21 20:47:07+00:00,NBIS,0.4714285714285714,Long,5
2026-07-21 20:55:38+00:00,NBIS,0.5125,Long,5
2026-07-21 23:23:01+00:00,NBIS,0.5111111111111111,Long,5
2026-07-22 08:10:13+00:00,NBIS,0.51,Long,5
2026-07-22 12:04:28+00:00,NBIS,0.4818181818181818,Long,5
2026-07-22 13:08:48+00:00,NBIS,0.48333333333333334,Long,5
2026-07-22 17:35:40+00:00,NBIS,0.4846153846153846,Long,5
2026-07-22 22:57:00+00:00,NBIS,0.4928571428571429,Long,5
2026-07-21 13:00:03+00:00,NFLX,0.5,Long,5
2026-07-21 16:20:00+00:00,NFLX,0.65,Long,5
2026-07-21 17:34:49+00:00,NFLX,0.26666666666666666,Long,5
2026-07-21 19:10:08+00:00,NFLX,0.25,Long,5
2026-07-21 19:44:17+00:00,NFLX,0.24000000000000005,Long,5
2026-07-21 20:08:05+00:00,NFLX,0.2833333333333334,Long,5
2026-07-21 20:58:00+00:00,NFLX,0.27142857142857146,Long,5
2026-07-21 21:43:38+00:00,NFLX,0.3375,Long,5
2026-07-21 23:50:00+00:00,NFLX,0.4,Long,5
2026-07-22 00:00:00+00:00,NFLX,0.37,Long,5
2026-07-22 02:24:15+00:00,NFLX,0.2818181818181818,Long,5
2026-07-22 10:14:00+00:00,NFLX,0.26666666666666666,Long,5
2026-07-22 12:00:57+00:00,NFLX,0.2846153846153846,Long,5
2026-07-22 12:07:00+00:00,NFLX,0.27142857142857146,Long,5
2026-07-22 13:35:00+00:00,NFLX,0.22000000000000003,Long,5
2026-07-22 14:05:39+00:00,NFLX,0.17500000000000002,Long,5
2026-07-22 14:20:00+00:00,NFLX,0.19411764705882353,Long,5
2026-07-22 16:35:23+00:00,NFLX,0.21666666666666667,Long,5
2026-07-18 01:06:11+00:00,NVDA,0.6,Long,5
2026-07-21 04:14:14+00:00,NVDA,0.04999999999999999,Neutral,5
2026-07-22 10:00:00+00:00,NVDA,-0.16666666666666666,Short,5
2026-07-22 12:00:00+00:00,NVDA,-0.075,Neutral,5
2026-07-23 07:22:00+00:00,NVDA,-0.024999999999999967,Neutral,5
2026-07-23 07:22:17+00:00,NVDA,-0.13999999999999996,Short,5
2026-07-23 07:25:00+00:00,NVDA,-0.0833333333333333,Neutral,5
2026-07-23 07:32:52+00:00,NVDA,-0.14285714285714282,Short,5
2026-07-23 07:42:00+00:00,NVDA,-0.06249999999999998,Neutral,5
2026-07-23 08:05:00+00:00,NVDA,-0.03333333333333331,Neutral,5
2026-07-23 08:22:00+00:00,NVDA,0.050000000000000024,Neutral,5
2026-07-23 08:25:00+00:00,NVDA,0.11818181818181821,Long,5
2026-07-23 08:26:00+00:00,NVDA,0.15000000000000002,Long,5
2026-07-23 08:26:03+00:00,NVDA,0.17692307692307693,Long,5
2026-07-23 08:27:00+00:00,NVDA,0.12142857142857144,Long,5
2026-07-23 08:35:00+00:00,NVDA,0.14666666666666667,Long,5
2026-07-16 22:57:22+00:00,NXPI,-0.6,Short,5
2026-07-21 22:15:04+00:00,NXPI,-0.04999999999999999,Neutral,5
2026-07-16 10:25:22+00:00,ODFL,-0.5,Short,5
2026-07-22 14:00:29+00:00,ODFL,0.5,Long,5
2026-07-22 15:38:00+00:00,ODFL,0.55,Long,5
2026-07-22 16:10:04+00:00,ODFL,0.43333333333333335,Long,5
2026-07-22 16:28:00+00:00,ODFL,0.375,Long,5
2026-07-22 17:10:00+00:00,ODFL,0.2,Long,5
2026-07-23 06:09:21+00:00,ODFL,0.08333333333333333,Neutral,5
2026-07-21 15:42:19+00:00,ORLY,0.6,Long,5
2026-07-22 08:46:27+00:00,ORLY,0.55,Long,5
2026-07-22 16:32:00+00:00,ORLY,0.5333333333333333,Long,5
2026-07-21 13:58:20+00:00,PANW,0.8,Long,5
2026-07-21 15:49:00+00:00,PANW,0.5,Long,5
2026-07-21 15:50:00+00:00,PANW,0.4000000000000001,Long,5
2026-07-21 15:52:00+00:00,PANW,0.42500000000000004,Long,5
2026-07-21 18:09:00+00:00,PANW,0.44000000000000006,Long,5
2026-07-21 19:11:09+00:00,PANW,0.2333333333333333,Long,5
2026-07-21 20:10:00+00:00,PANW,0.2714285714285714,Long,5
2026-07-22 01:12:28+00:00,PANW,0.25,Long,5
2026-07-22 09:22:00+00:00,PANW,0.2888888888888889,Long,5
2026-07-22 14:48:11+00:00,PANW,0.27,Long,5
2026-07-22 15:25:38+00:00,PANW,0.29090909090909095,Long,5
2026-07-22 19:16:23+00:00,PANW,0.30833333333333335,Long,5
2026-07-23 06:00:00+00:00,PANW,0.3,Long,5
2026-07-16 20:15:00+00:00,PAYX,0.0,Neutral,5
2026-07-18 23:47:06+00:00,PAYX,0.1,Neutral,5
2026-07-20 22:40:53+00:00,PAYX,0.10000000000000002,Long,5
2026-07-20 22:48:38+00:00,PAYX,0.2,Long,5
2026-07-20 22:59:03+00:00,PAYX,0.2,Long,5
2026-07-21 00:00:00+00:00,PAYX,0.13333333333333333,Long,5
2026-07-22 13:00:00+00:00,PAYX,0.2333333333333333,Long,5
2026-07-22 20:06:17+00:00,PAYX,0.1,Neutral,5
2026-07-22 21:30:28+00:00,PAYX,0.02500000000000001,Neutral,5
2026-07-16 17:14:36+00:00,PCAR,0.5,Long,5
2026-07-16 22:15:02+00:00,PCAR,0.35,Long,5
2026-07-17 19:08:46+00:00,PCAR,0.39999999999999997,Long,5
2026-07-20 22:00:04+00:00,PCAR,0.175,Long,5
2026-07-21 14:00:21+00:00,PCAR,0.039999999999999994,Neutral,5
2026-07-22 10:30:27+00:00,PCAR,-0.3,Short,5
2026-07-22 13:26:08+00:00,PCAR,-0.13999999999999999,Short,5
2026-07-20 12:55:00+00:00,PDD,0.5,Long,5
2026-07-20 13:00:05+00:00,PDD,0.5,Long,5
2026-07-21 21:45:04+00:00,PDD,0.39999999999999997,Long,5
2026-07-16 13:41:41+00:00,PEP,-0.5,Short,5
2026-07-17 13:00:21+00:00,PEP,0.0,Neutral,5
2026-07-17 20:20:00+00:00,PEP,0.0,Neutral,5
2026-07-18 16:03:00+00:00,PEP,-0.2,Short,5
2026-07-20 17:09:00+00:00,PEP,-0.06000000000000001,Neutral,5
2026-07-20 20:25:00+00:00,PEP,0.033333333333333326,Neutral,5
2026-07-21 13:00:00+00:00,PEP,0.04285714285714285,Neutral,5
2026-07-22 13:00:00+00:00,PEP,0.1857142857142857,Long,5
2026-07-20 19:22:39+00:00,PLTR,0.6,Long,5
2026-07-21 02:11:08+00:00,PLTR,0.55,Long,5
2026-07-21 06:43:00+00:00,PLTR,0.43333333333333335,Long,5
2026-07-21 07:22:00+00:00,PLTR,0.45,Long,5
2026-07-21 13:29:00+00:00,PLTR,0.52,Long,5
2026-07-21 14:05:00+00:00,PLTR,0.5333333333333333,Long,5
2026-07-21 14:05:49+00:00,PLTR,0.5285714285714286,Long,5
2026-07-21 15:10:22+00:00,PLTR,0.4875,Long,5
2026-07-21 17:20:00+00:00,PLTR,0.4555555555555555,Long,5
2026-07-21 20:25:00+00:00,PLTR,0.43,Long,5
2026-07-22 12:30:17+00:00,PLTR,0.43636363636363634,Long,5
2026-07-22 15:11:39+00:00,PLTR,0.35833333333333334,Long,5
2026-07-22 16:15:34+00:00,PLTR,0.3923076923076923,Long,5
2026-07-22 17:02:27+00:00,PLTR,0.39999999999999997,Long,5
2026-07-22 21:00:10+00:00,PLTR,0.3333333333333333,Long,5
2026-07-22 21:26:00+00:00,PLTR,0.35,Long,5
2026-07-22 22:50:11+00:00,PLTR,0.3764705882352941,Long,5
2026-07-18 23:15:01+00:00,PYPL,-0.2,Short,5
2026-07-19 01:09:35+00:00,PYPL,-0.2,Short,5
2026-07-19 17:05:00+00:00,PYPL,-0.10000000000000002,Short,5
2026-07-20 02:12:06+00:00,PYPL,0.04999999999999999,Neutral,5
2026-07-20 09:59:33+00:00,PYPL,0.039999999999999994,Neutral,5
2026-07-20 10:03:30+00:00,PYPL,-0.05000000000000001,Neutral,5
2026-07-20 11:06:00+00:00,PYPL,0.028571428571428564,Neutral,5
2026-07-20 12:15:00+00:00,PYPL,0.049999999999999996,Neutral,5
2026-07-20 12:38:04+00:00,PYPL,0.1111111111111111,Long,5
2026-07-20 13:00:02+00:00,PYPL,0.15,Long,5
2026-07-21 01:31:44+00:00,PYPL,0.15454545454545454,Long,5
2026-07-21 07:04:16+00:00,PYPL,0.20833333333333334,Long,5
2026-07-21 10:51:44+00:00,PYPL,0.2076923076923077,Long,5
2026-07-21 14:00:21+00:00,PYPL,0.15714285714285717,Long,5
2026-07-21 15:16:36+00:00,PYPL,0.18000000000000002,Long,5
2026-07-21 17:41:10+00:00,PYPL,0.18125,Long,5
2026-07-22 12:00:00+00:00,PYPL,0.21764705882352942,Long,5
2026-07-22 18:25:29+00:00,PYPL,0.2111111111111111,Long,5
2026-07-22 19:07:00+00:00,PYPL,0.23157894736842108,Long,5
2026-07-23 00:09:36+00:00,PYPL,0.24500000000000002,Long,5
2026-07-21 08:11:04+00:00,QCOM,0.2,Long,5
2026-07-21 11:10:00+00:00,QCOM,0.35,Long,5
2026-07-21 12:35:30+00:00,QCOM,0.39999999999999997,Long,5
2026-07-21 15:26:59+00:00,QCOM,0.325,Long,5
2026-07-21 15:39:50+00:00,QCOM,0.3,Long,5
2026-07-21 16:02:24+00:00,QCOM,0.2833333333333333,Long,5
2026-07-21 17:13:23+00:00,QCOM,0.24285714285714285,Long,5
2026-07-21 21:45:04+00:00,QCOM,0.275,Long,5
2026-07-22 12:39:03+00:00,QCOM,0.26666666666666666,Long,5
2026-07-22 13:03:40+00:00,QCOM,0.26,Long,5
2026-07-22 13:17:15+00:00,QCOM,0.24545454545454548,Long,5
2026-07-22 14:00:30+00:00,QCOM,0.18333333333333335,Long,5
2026-07-22 16:11:21+00:00,QCOM,0.2076923076923077,Long,5
2026-07-23 00:00:00+00:00,QCOM,0.2285714285714286,Long,5
2026-07-16 20:07:46+00:00,REGN,0.8,Long,5
2026-07-17 10:39:18+00:00,REGN,0.5,Long,5
2026-07-17 14:10:54+00:00,REGN,0.4000000000000001,Long,5
2026-07-20 11:30:00+00:00,REGN,0.42500000000000004,Long,5
2026-07-20 23:31:00+00:00,REGN,0.5,Long,5
2026-07-21 21:48:00+00:00,RKLB,0.5,Long,5
2026-07-21 23:42:30+00:00,RKLB,0.65,Long,5
2026-07-22 01:24:58+00:00,RKLB,0.26666666666666666,Long,5
2026-07-22 08:30:11+00:00,RKLB,0.225,Long,5
2026-07-22 11:10:43+00:00,RKLB,0.34,Long,5
2026-07-22 12:28:25+00:00,RKLB,0.3166666666666667,Long,5
2026-07-22 12:54:27+00:00,RKLB,0.38571428571428573,Long,5
2026-07-22 14:46:00+00:00,RKLB,0.4375,Long,5
2026-07-22 15:52:41+00:00,RKLB,0.41111111111111115,Long,5
2026-07-22 16:04:25+00:00,RKLB,0.29000000000000004,Long,5
2026-07-22 16:40:23+00:00,RKLB,0.33636363636363636,Long,5
2026-07-22 17:23:18+00:00,RKLB,0.375,Long,5
2026-07-22 17:25:39+00:00,RKLB,0.38461538461538464,Long,5
2026-07-22 18:09:19+00:00,RKLB,0.4142857142857143,Long,5
2026-07-22 19:39:35+00:00,RKLB,0.3533333333333334,Long,5
2026-07-22 20:07:00+00:00,RKLB,0.38125000000000003,Long,5
2026-07-22 21:39:00+00:00,RKLB,0.3294117647058824,Long,5
2026-07-22 22:00:00+00:00,RKLB,0.3111111111111111,Long,5
2026-07-22 22:10:42+00:00,RKLB,0.3,Long,5
2026-07-23 00:16:22+00:00,RKLB,0.325,Long,5
2026-07-16 12:20:41+00:00,ROP,0.6,Long,5
2026-07-16 14:00:12+00:00,ROP,0.55,Long,5
2026-07-20 14:44:00+00:00,ROP,0.43333333333333335,Long,5
2026-07-20 15:17:00+00:00,ROP,0.375,Long,5
2026-07-21 13:15:06+00:00,ROP,0.275,Long,5
2026-07-22 13:44:39+00:00,ROP,0.275,Long,5
2026-07-23 01:10:51+00:00,ROP,0.32,Long,5
2026-07-16 11:29:22+00:00,ROST,0.5,Long,5
2026-07-17 12:02:07+00:00,ROST,0.5,Long,5
2026-07-20 20:01:00+00:00,ROST,0.5333333333333333,Long,5
2026-07-21 20:04:42+00:00,ROST,0.43333333333333335,Long,5
2026-07-22 22:00:04+00:00,ROST,0.43333333333333335,Long,5
2026-07-17 13:38:00+00:00,SBUX,0.2,Long,5
2026-07-17 14:19:31+00:00,SBUX,0.35,Long,5
2026-07-17 20:25:00+00:00,SBUX,0.39999999999999997,Long,5
2026-07-18 10:35:00+00:00,SBUX,0.35,Long,5
2026-07-20 09:05:00+00:00,SBUX,0.38,Long,5
2026-07-20 12:00:00+00:00,SBUX,0.3333333333333333,Long,5
2026-07-20 14:22:30+00:00,SBUX,0.35714285714285715,Long,5
2026-07-20 23:40:10+00:00,SBUX,0.38749999999999996,Long,5
2026-07-21 09:09:53+00:00,SBUX,0.36666666666666664,Long,5
2026-07-21 14:45:00+00:00,SBUX,0.35,Long,5
2026-07-21 17:00:00+00:00,SBUX,0.3181818181818182,Long,5
2026-07-21 17:15:18+00:00,SBUX,0.3333333333333333,Long,5
2026-07-21 21:34:00+00:00,SBUX,0.34615384615384615,Long,5
2026-07-22 11:33:22+00:00,SBUX,0.36428571428571427,Long,5
2026-07-22 13:00:03+00:00,SBUX,0.3733333333333333,Long,5
2026-07-22 14:00:31+00:00,SBUX,0.3933333333333333,Long,5
2026-07-22 15:05:08+00:00,SBUX,0.3133333333333333,Long,5
2026-07-22 16:00:00+00:00,SBUX,0.32499999999999996,Long,5
2026-07-17 10:57:46+00:00,SHOP,0.2,Long,5
2026-07-18 02:41:59+00:00,SHOP,0.2,Long,5
2026-07-19 13:35:00+00:00,SHOP,0.4000000000000001,Long,5
2026-07-19 18:00:44+00:00,SHOP,0.35000000000000003,Long,5
2026-07-20 16:50:00+00:00,SHOP,0.38,Long,5
2026-07-20 20:06:54+00:00,SHOP,0.39999999999999997,Long,5
2026-07-21 12:56:00+00:00,SHOP,0.4142857142857143,Long,5
2026-07-21 13:00:01+00:00,SHOP,0.42500000000000004,Long,5
2026-07-21 15:46:22+00:00,SHOP,0.32222222222222224,Long,5
2026-07-21 16:36:00+00:00,SHOP,0.23000000000000004,Long,5
2026-07-21 21:45:05+00:00,SHOP,0.16363636363636366,Long,5
2026-07-22 11:00:00+00:00,SHOP,0.14545454545454548,Long,5
2026-07-22 12:00:00+00:00,SHOP,0.20000000000000004,Long,5
2026-07-22 13:00:00+00:00,SHOP,0.23076923076923078,Long,5
2026-07-22 10:03:03+00:00,SNDK,-0.6,Short,5
2026-07-22 10:35:46+00:00,SNDK,-0.19999999999999998,Short,5
2026-07-22 11:05:00+00:00,SNDK,-0.39999999999999997,Short,5
2026-07-22 12:10:45+00:00,SNDK,-0.175,Short,5
2026-07-22 12:12:57+00:00,SNDK,-0.12,Short,5
2026-07-22 12:36:00+00:00,SNDK,-0.016666666666666663,Neutral,5
2026-07-22 13:18:00+00:00,SNDK,0.1,Neutral,5
2026-07-22 16:40:50+00:00,SNDK,0.1625,Long,5
2026-07-22 17:00:13+00:00,SNDK,0.23333333333333334,Long,5
2026-07-22 20:12:20+00:00,SNDK,0.23000000000000004,Long,5
2026-07-22 21:59:30+00:00,SNDK,0.2818181818181818,Long,5
2026-07-23 08:15:00+00:00,SNDK,0.30833333333333335,Long,5
2026-07-23 09:08:00+00:00,SNDK,0.3230769230769231,Long,5
2026-07-16 13:00:02+00:00,SNPS,0.5,Long,5
2026-07-16 13:47:38+00:00,SNPS,0.5,Long,5
2026-07-16 20:05:00+00:00,SNPS,0.5,Long,5
2026-07-16 21:50:04+00:00,SNPS,0.25,Long,5
2026-07-17 12:17:35+00:00,SNPS,0.3,Long,5
2026-07-17 12:30:00+00:00,SNPS,0.3333333333333333,Long,5
2026-07-17 19:31:35+00:00,SNPS,0.21428571428571427,Long,5
2026-07-17 21:45:04+00:00,SNPS,0.125,Long,5
2026-07-19 15:00:02+00:00,SNPS,0.16666666666666666,Long,5
2026-07-20 20:18:56+00:00,SNPS,0.16,Long,5
2026-07-22 20:05:00+00:00,SNPS,0.025,Neutral,5
2026-07-22 15:11:38+00:00,SPCX,0.2,Long,5
2026-07-22 22:00:58+00:00,SPCX,0.35,Long,5
2026-07-22 22:47:52+00:00,SPCX,0.26666666666666666,Long,5
2026-07-22 22:51:29+00:00,SPCX,0.2,Long,5
2026-07-22 23:05:11+00:00,SPCX,0.06000000000000001,Neutral,5
2026-07-22 23:22:40+00:00,SPCX,0.08333333333333333,Neutral,5
2026-07-22 23:24:30+00:00,SPCX,0.15714285714285717,Long,5
2026-07-22 23:53:00+00:00,SPCX,0.06250000000000001,Neutral,5
2026-07-23 00:10:09+00:00,SPCX,0.12222222222222223,Long,5
2026-07-23 01:13:28+00:00,SPCX,0.13,Long,5
2026-07-23 01:50:00+00:00,SPCX,0.07272727272727274,Neutral,5
2026-07-23 03:06:21+00:00,SPCX,0.02500000000000001,Neutral,5
2026-07-23 03:06:40+00:00,SPCX,-0.03846153846153846,Neutral,5
2026-07-23 03:38:05+00:00,SPCX,0.007142857142857145,Neutral,5
2026-07-23 04:50:00+00:00,SPCX,0.04000000000000001,Neutral,5
2026-07-23 05:01:38+00:00,SPCX,0.08750000000000001,Neutral,5
2026-07-23 06:45:33+00:00,SPCX,0.11176470588235295,Long,5
2026-07-20 12:04:25+00:00,STX,0.6,Long,5
2026-07-20 14:11:00+00:00,STX,0.4,Long,5
2026-07-20 18:17:00+00:00,STX,0.10000000000000002,Long,5
2026-07-20 20:09:00+00:00,STX,0.07500000000000001,Neutral,5
2026-07-21 09:25:43+00:00,STX,0.16,Long,5
2026-07-21 10:20:14+00:00,STX,0.21666666666666667,Long,5
2026-07-21 10:45:51+00:00,STX,0.3,Long,5
2026-07-21 14:00:15+00:00,STX,0.325,Long,5
2026-07-21 14:20:32+00:00,STX,0.3777777777777778,Long,5
2026-07-21 17:27:01+00:00,STX,0.39,Long,5
2026-07-21 17:44:30+00:00,STX,0.4272727272727273,Long,5
2026-07-21 20:09:11+00:00,STX,0.4583333333333333,Long,5
2026-07-21 20:24:00+00:00,STX,0.43846153846153846,Long,5
2026-07-21 20:46:26+00:00,STX,0.4428571428571429,Long,5
2026-07-22 13:02:00+00:00,STX,0.4533333333333333,Long,5
2026-07-22 14:55:43+00:00,STX,0.43125,Long,5
2026-07-16 20:04:57+00:00,TER,-0.5,Short,5
2026-07-16 20:10:44+00:00,TER,0.0,Neutral,5
2026-07-16 20:49:22+00:00,TER,-0.16666666666666666,Short,5
2026-07-16 21:14:05+00:00,TER,0.0,Neutral,5
2026-07-20 13:36:00+00:00,TER,0.1,Neutral,5
2026-07-21 12:14:26+00:00,TER,0.0,Neutral,5
2026-07-21 14:00:15+00:00,TER,0.07142857142857142,Neutral,5
2026-07-22 22:00:05+00:00,TER,0.0,Neutral,5
2026-07-18 10:09:39+00:00,TMUS,0.5,Long,5
2026-07-19 01:03:00+00:00,TMUS,0.55,Long,5
2026-07-20 11:10:31+00:00,TMUS,0.5333333333333333,Long,5
2026-07-20 11:29:24+00:00,TMUS,0.525,Long,5
2026-07-20 13:15:09+00:00,TMUS,0.52,Long,5
2026-07-20 13:58:00+00:00,TMUS,0.5166666666666667,Long,5
2026-07-20 14:46:00+00:00,TMUS,0.5142857142857143,Long,5
2026-07-20 16:21:51+00:00,TMUS,0.55,Long,5
2026-07-20 18:27:56+00:00,TMUS,0.5555555555555556,Long,5
2026-07-20 20:07:35+00:00,TMUS,0.55,Long,5
2026-07-20 20:43:20+00:00,TMUS,0.5,Long,5
2026-07-21 15:03:59+00:00,TMUS,0.4666666666666666,Long,5
2026-07-22 10:40:21+00:00,TMUS,0.49230769230769234,Long,5
2026-07-22 13:33:00+00:00,TMUS,0.4928571428571429,Long,5
2026-07-22 18:00:04+00:00,TMUS,0.49333333333333335,Long,5
2026-07-22 20:30:00+00:00,TMUS,0.46875,Long,5
2026-07-22 21:31:43+00:00,TMUS,0.4882352941176471,Long,5
2026-07-22 21:33:00+00:00,TMUS,0.43333333333333335,Long,5
2026-07-22 22:00:00+00:00,TMUS,0.42105263157894735,Long,5
2026-07-16 13:06:19+00:00,TRI,0.5,Long,5
2026-07-16 13:55:02+00:00,TRI,0.65,Long,5
2026-07-21 11:03:00+00:00,TSLA,0.2,Long,5
2026-07-22 00:00:00+00:00,TSLA,0.15000000000000002,Long,5
2026-07-22 15:37:03+00:00,TSLA,-0.06666666666666665,Neutral,5
2026-07-22 20:16:44+00:00,TSLA,-0.19999999999999998,Short,5
2026-07-23 00:11:00+00:00,TSLA,-0.3,Short,5
2026-07-23 01:52:33+00:00,TSLA,-0.16666666666666666,Short,5
2026-07-23 02:31:04+00:00,TSLA,-0.05714285714285713,Neutral,5
2026-07-23 02:44:02+00:00,TSLA,-0.024999999999999988,Neutral,5
2026-07-23 05:16:43+00:00,TSLA,-0.07777777777777778,Neutral,5
2026-07-23 07:08:00+00:00,TSLA,-0.12,Short,5
2026-07-23 08:31:16+00:00,TSLA,-0.15454545454545454,Short,5
2026-07-23 08:40:45+00:00,TSLA,-0.09999999999999999,Neutral,5
2026-07-23 09:01:21+00:00,TSLA,-0.13076923076923078,Short,5
2026-07-23 09:06:16+00:00,TSLA,-0.16428571428571428,Short,5
2026-07-17 17:24:00+00:00,TTWO,0.5,Long,5
2026-07-18 08:31:55+00:00,TTWO,0.5,Long,5
2026-07-20 13:50:00+00:00,TTWO,0.39999999999999997,Long,5
2026-07-21 12:00:00+00:00,TTWO,0.5,Long,5
2026-07-21 21:50:03+00:00,TTWO,0.3,Long,5
2026-07-22 10:18:32+00:00,TTWO,0.2833333333333333,Long,5
2026-07-22 14:00:00+00:00,TTWO,0.31428571428571433,Long,5
2026-07-20 11:53:24+00:00,TXN,0.2,Long,5
2026-07-22 00:00:00+00:00,TXN,0.15000000000000002,Long,5
2026-07-22 13:48:41+00:00,TXN,0.16666666666666666,Long,5
2026-07-22 15:51:13+00:00,TXN,0.25,Long,5
2026-07-22 20:01:00+00:00,TXN,0.2,Long,5
2026-07-22 20:04:23+00:00,TXN,0.26666666666666666,Long,5
2026-07-22 20:12:38+00:00,TXN,0.34285714285714286,Long,5
2026-07-22 20:28:13+00:00,TXN,0.2375,Long,5
2026-07-22 20:29:23+00:00,TXN,0.15555555555555556,Long,5
2026-07-22 20:39:57+00:00,TXN,0.19,Long,5
2026-07-22 20:46:00+00:00,TXN,0.12727272727272726,Long,5
2026-07-22 21:10:02+00:00,TXN,0.18333333333333335,Long,5
2026-07-22 21:21:00+00:00,TXN,0.13076923076923078,Long,5
2026-07-22 22:00:02+00:00,TXN,0.13571428571428573,Long,5
2026-07-22 22:05:48+00:00,TXN,0.16,Long,5
2026-07-23 04:36:01+00:00,TXN,0.1875,Long,5
2026-07-16 12:00:00+00:00,VRTX,0.5,Long,5
2026-07-16 13:00:03+00:00,VRTX,0.5,Long,5
2026-07-20 00:05:00+00:00,VRTX,0.6,Long,5
2026-07-20 05:07:17+00:00,VRTX,0.65,Long,5
2026-07-20 09:09:30+00:00,VRTX,0.56,Long,5
2026-07-20 22:00:06+00:00,VRTX,0.3833333333333333,Long,5
2026-07-21 12:35:25+00:00,VRTX,0.43333333333333335,Long,5
2026-07-21 13:00:00+00:00,VRTX,0.4571428571428572,Long,5
2026-07-22 16:48:00+00:00,VRTX,0.4571428571428572,Long,5
2026-07-22 21:50:04+00:00,VRTX,0.3375,Long,5
2026-07-20 09:40:40+00:00,WBD,-0.7,Short,5
2026-07-20 18:59:00+00:00,WBD,-0.6499999999999999,Short,5
2026-07-20 19:02:05+00:00,WBD,-0.6,Short,5
2026-07-20 19:20:46+00:00,WBD,-0.575,Short,5
2026-07-20 19:21:00+00:00,WBD,-0.5599999999999999,Short,5
2026-07-20 20:19:37+00:00,WBD,-0.5499999999999999,Short,5
2026-07-20 20:54:17+00:00,WBD,-0.5428571428571428,Short,5
2026-07-20 21:12:18+00:00,WBD,-0.55,Short,5
2026-07-21 10:46:53+00:00,WBD,-0.5555555555555556,Short,5
2026-07-21 11:14:34+00:00,WBD,-0.58,Short,5
2026-07-21 12:52:50+00:00,WBD,-0.5272727272727272,Short,5
2026-07-21 13:00:00+00:00,WBD,-0.48333333333333334,Short,5
2026-07-21 13:25:48+00:00,WBD,-0.43076923076923074,Short,5
2026-07-21 14:15:39+00:00,WBD,-0.39999999999999997,Short,5
2026-07-21 14:41:37+00:00,WBD,-0.3333333333333333,Short,5
2026-07-21 15:09:43+00:00,WBD,-0.3625,Short,5
2026-07-22 04:08:03+00:00,WBD,-0.3764705882352941,Short,5
2026-07-22 15:33:37+00:00,WBD,-0.35555555555555557,Short,5
2026-07-22 17:42:27+00:00,WBD,-0.3631578947368421,Short,5
2026-07-22 17:59:29+00:00,WBD,-0.335,Short,5
2026-07-22 18:24:32+00:00,WBD,-0.3142857142857143,Short,5
2026-07-22 18:52:00+00:00,WBD,-0.2636363636363636,Short,5
2026-07-16 12:00:00+00:00,WDAY,0.6,Long,5
2026-07-16 15:05:22+00:00,WDAY,0.3,Long,5
2026-07-17 10:25:46+00:00,WDAY,0.26666666666666666,Long,5
2026-07-17 11:05:01+00:00,WDAY,0.04999999999999999,Neutral,5
2026-07-17 12:02:16+00:00,WDAY,0.13999999999999999,Long,5
2026-07-17 12:05:00+00:00,WDAY,-0.01666666666666668,Neutral,5
2026-07-20 21:50:04+00:00,WDAY,0.05714285714285713,Neutral,5
2026-07-21 13:00:00+00:00,WDAY,0.04285714285714285,Neutral,5
2026-07-21 14:00:00+00:00,WDAY,0.09999999999999999,Neutral,5
2026-07-21 15:00:56+00:00,WDAY,0.033333333333333326,Neutral,5
2026-07-21 19:18:26+00:00,WDAY,-0.02222222222222223,Neutral,5
2026-07-22 13:00:00+00:00,WDAY,0.16666666666666666,Long,5
2026-07-22 15:15:00+00:00,WDAY,0.21428571428571427,Long,5
2026-07-22 17:48:00+00:00,WDAY,0.125,Long,5
2026-07-21 21:20:00+00:00,WDC,-0.5,Short,5
2026-07-22 01:04:07+00:00,WDC,-0.55,Short,5
2026-07-22 02:19:14+00:00,WDC,-0.09999999999999998,Neutral,5
2026-07-22 02:38:52+00:00,WDC,-0.07499999999999998,Neutral,5
2026-07-22 03:19:26+00:00,WDC,0.040000000000000015,Neutral,5
2026-07-22 04:28:33+00:00,WDC,0.06666666666666668,Neutral,5
2026-07-22 06:32:00+00:00,WDC,0.14285714285714285,Long,5
2026-07-22 13:18:00+00:00,WDC,0.125,Long,5
2026-07-22 14:32:50+00:00,WDC,0.13333333333333336,Long,5
2026-07-23 02:18:37+00:00,WDC,0.18,Long,5
2026-07-21 17:33:00+00:00,WMT,-0.7,Short,5
2026-07-21 19:36:18+00:00,WMT,-0.3,Short,5
2026-07-21 20:08:21+00:00,WMT,-0.1333333333333333,Short,5
2026-07-21 21:30:50+00:00,WMT,0.05000000000000002,Neutral,5
2026-07-21 21:45:05+00:00,WMT,0.06000000000000001,Neutral,5
2026-07-22 03:51:00+00:00,WMT,0.18333333333333335,Long,5
2026-07-22 10:03:00+00:00,WMT,0.2285714285714286,Long,5
2026-07-22 13:00:00+00:00,WMT,0.2625,Long,5
2026-07-22 13:08:07+00:00,WMT,0.24444444444444446,Long,5
2026-07-22 13:09:45+00:00,WMT,0.23000000000000004,Long,5
2026-07-22 13:30:03+00:00,WMT,0.22727272727272727,Long,5
2026-07-22 13:33:52+00:00,WMT,0.25,Long,5
2026-07-22 14:46:00+00:00,WMT,0.23076923076923078,Long,5
2026-07-22 15:53:31+00:00,WMT,0.2285714285714286,Long,5
2026-07-22 16:06:22+00:00,WMT,0.18000000000000002,Long,5
2026-07-22 16:45:02+00:00,WMT,0.20625000000000002,Long,5
2026-07-22 17:34:27+00:00,WMT,0.1647058823529412,Long,5
2026-07-22 19:14:21+00:00,WMT,0.18333333333333335,Long,5
2026-07-23 05:01:19+00:00,WMT,0.2,Long,5
2026-07-23 08:12:09+00:00,WMT,0.215,Long,5
2026-07-16 17:04:28+00:00,XEL,0.1,Neutral,5
2026-07-22 12:35:00+00:00,XEL,0.5,Long,5
2026-07-23 05:11:09+00:00,XEL,0.35,Long,5
2026-07-23 06:10:37+00:00,XEL,0.5,Long,5
